{
    "站名": "动漫巴士",
    "主页url": "https://dm84.tv",
    "分类": "国产动漫&日本动漫&欧美动漫&电影",
    "分类值": "1&2&3&4",
    "分类url": "https://dm84.tv/show-{cateId}--{by}-{class}--{year}-{catePg}.html",
    "数组": "<div class=\"item\">&&</div>",
    "图片": "data-bg=\"&&\"",
    "标题": "title=\"&&\"[替换:在线观看>>空]",
    "副标题": "desc\">&&</span>",
    "搜索模式": "1",
    "搜索url": "/s----------.html?wd={wd}",
    "搜索数组": "item\">&&</li>",
    "搜索图片": "data-bg=\"&&\"",
    "搜索标题": "title=\"&&\"",
    "搜索链接": "href=\"&&\"",
    "搜索副标题": "desc\">&&</span>",
    "导演": "导演：&&</p>",
    "主演": "主演：&&</p>",
    "简介": "剧情：&&</p>",
    "线路二次截取": "play_from\">&&</ul>",
    "线路数组": "<li&&/li>[替换:线路>>播放列表]",
    "线路标题": ">&&<",
    "播放数组": "<ul class=\"play_list&&</ul>",
    "筛选": {
        "1": [
            {
                "key": "class",
                "name": "剧情",
                "value": [
                    {
                        "n": "全部",
                        "v": ""
                    },
                    {
                        "n": "奇幻",
                        "v": "奇幻"
                    },
                    {
                        "n": "战斗",
                        "v": "战斗"
                    },
                    {
                        "n": "玄幻",
                        "v": "玄幻"
                    },
                    {
                        "n": "穿越",
                        "v": "穿越"
                    },
                    {
                        "n": "科幻",
                        "v": "科幻"
                    },
                    {
                        "n": "武侠",
                        "v": "武侠"
                    },
                    {
                        "n": "热血",
                        "v": "热血"
                    },
                    {
                        "n": "耽美",
                        "v": "耽美"
                    },
                    {
                        "n": "搞笑",
                        "v": "搞笑"
                    },
                    {
                        "n": "动态漫画",
                        "v": "动态漫画"
                    }
                ]
            },
            {
                "key": "year",
                "name": "年份",
                "value": [
                    {
                        "n": "全部",
                        "v": ""
                    },
                    {
                        "n": "2023",
                        "v": "2023"
                    },
                    {
                        "n": "2022",
                        "v": "2022"
                    },
                    {
                        "n": "2021",
                        "v": "2021"
                    },
                    {
                        "n": "2020",
                        "v": "2020"
                    },
                    {
                        "n": "2019",
                        "v": "2019"
                    },
                    {
                        "n": "2018",
                        "v": "2018"
                    },
                    {
                        "n": "2017",
                        "v": "2017"
                    },
                    {
                        "n": "2016",
                        "v": "2016"
                    },
                    {
                        "n": "2015",
                        "v": "2015"
                    }
                ]
            },
            {
                "key": "by",
                "name": "排序",
                "value": [
                    {
                        "n": "时间",
                        "v": "time"
                    },
                    {
                        "n": "人气",
                        "v": "hits"
                    },
                    {
                        "n": "评分",
                        "v": "score"
                    }
                ]
            }
        ],
        "2": [
            {
                "key": "class",
                "name": "剧情",
                "value": [
                    {
                        "n": "全部",
                        "v": ""
                    },
                    {
                        "n": "冒险",
                        "v": "冒险"
                    },
                    {
                        "n": "奇幻",
                        "v": "奇幻"
                    },
                    {
                        "n": "战斗",
                        "v": "战斗"
                    },
                    {
                        "n": "后宫",
                        "v": "后宫"
                    },
                    {
                        "n": "热血",
                        "v": "热血"
                    },
                    {
                        "n": "励志",
                        "v": "励志"
                    },
                    {
                        "n": "搞笑",
                        "v": "搞笑"
                    },
                    {
                        "n": "校园",
                        "v": "校园"
                    },
                    {
                        "n": "机战",
                        "v": "机战"
                    },
                    {
                        "n": "悬疑",
                        "v": "悬疑"
                    },
                    {
                        "n": "治愈",
                        "v": "治愈"
                    },
                    {
                        "n": "百合",
                        "v": "百合"
                    },
                    {
                        "n": "恐怖",
                        "v": "恐怖"
                    },
                    {
                        "n": "泡面番",
                        "v": "泡面番"
                    },
                    {
                        "n": "恋爱",
                        "v": "恋爱"
                    },
                    {
                        "n": "推理",
                        "v": "推理"
                    }
                ]
            },
            {
                "key": "year",
                "name": "年份",
                "value": [
                    {
                        "n": "全部",
                        "v": ""
                    },
                    {
                        "n": "2023",
                        "v": "2023"
                    },
                    {
                        "n": "2022",
                        "v": "2022"
                    },
                    {
                        "n": "2021",
                        "v": "2021"
                    },
                    {
                        "n": "2020",
                        "v": "2020"
                    },
                    {
                        "n": "2019",
                        "v": "2019"
                    },
                    {
                        "n": "2018",
                        "v": "2018"
                    },
                    {
                        "n": "2017",
                        "v": "2017"
                    },
                    {
                        "n": "2016",
                        "v": "2016"
                    },
                    {
                        "n": "2015",
                        "v": "2015"
                    }
                ]
            },
            {
                "key": "by",
                "name": "排序",
                "value": [
                    {
                        "n": "时间",
                        "v": "time"
                    },
                    {
                        "n": "人气",
                        "v": "hits"
                    },
                    {
                        "n": "评分",
                        "v": "score"
                    }
                ]
            }
        ],
        "3": [
            {
                "key": "class",
                "name": "剧情",
                "value": [
                    {
                        "n": "全部",
                        "v": ""
                    },
                    {
                        "n": "科幻",
                        "v": "科幻"
                    },
                    {
                        "n": "冒险",
                        "v": "冒险"
                    },
                    {
                        "n": "战斗",
                        "v": "战斗"
                    },
                    {
                        "n": "百合",
                        "v": "百合"
                    },
                    {
                        "n": "奇幻",
                        "v": "奇幻"
                    },
                    {
                        "n": "热血",
                        "v": "热血"
                    },
                    {
                        "n": "搞笑",
                        "v": "搞笑"
                    }
                ]
            },
            {
                "key": "year",
                "name": "年份",
                "value": [
                    {
                        "n": "全部",
                        "v": ""
                    },
                    {
                        "n": "2023",
                        "v": "2023"
                    },
                    {
                        "n": "2022",
                        "v": "2022"
                    },
                    {
                        "n": "2021",
                        "v": "2021"
                    },
                    {
                        "n": "2020",
                        "v": "2020"
                    },
                    {
                        "n": "2019",
                        "v": "2019"
                    },
                    {
                        "n": "2018",
                        "v": "2018"
                    },
                    {
                        "n": "2017",
                        "v": "2017"
                    },
                    {
                        "n": "2016",
                        "v": "2016"
                    },
                    {
                        "n": "2015",
                        "v": "2015"
                    }
                ]
            },
            {
                "key": "by",
                "name": "排序",
                "value": [
                    {
                        "n": "时间",
                        "v": "time"
                    },
                    {
                        "n": "人气",
                        "v": "hits"
                    },
                    {
                        "n": "评分",
                        "v": "score"
                    }
                ]
            }
        ],
        "4": [
            {
                "key": "class",
                "name": "剧情",
                "value": [
                    {
                        "n": "全部",
                        "v": ""
                    },
                    {
                        "n": "搞笑",
                        "v": "搞笑"
                    },
                    {
                        "n": "奇幻",
                        "v": "奇幻"
                    },
                    {
                        "n": "治愈",
                        "v": "治愈"
                    },
                    {
                        "n": "科幻",
                        "v": "科幻"
                    },
                    {
                        "n": "喜剧",
                        "v": "喜剧"
                    },
                    {
                        "n": "冒险",
                        "v": "冒险"
                    },
                    {
                        "n": "动作",
                        "v": "动作"
                    },
                    {
                        "n": "爱情",
                        "v": "爱情"
                    }
                ]
            },
            {
                "key": "year",
                "name": "年份",
                "value": [
                    {
                        "n": "全部",
                        "v": ""
                    },
                    {
                        "n": "2023",
                        "v": "2023"
                    },
                    {
                        "n": "2022",
                        "v": "2022"
                    },
                    {
                        "n": "2021",
                        "v": "2021"
                    },
                    {
                        "n": "2020",
                        "v": "2020"
                    },
                    {
                        "n": "2019",
                        "v": "2019"
                    },
                    {
                        "n": "2018",
                        "v": "2018"
                    },
                    {
                        "n": "2017",
                        "v": "2017"
                    },
                    {
                        "n": "2016",
                        "v": "2016"
                    },
                    {
                        "n": "2015",
                        "v": "2015"
                    }
                ]
            },
            {
                "key": "by",
                "name": "排序",
                "value": [
                    {
                        "n": "时间",
                        "v": "time"
                    },
                    {
                        "n": "人气",
                        "v": "hits"
                    },
                    {
                        "n": "评分",
                        "v": "score"
                    }
                ]
            }
        ]
    }
}