{
  "spider": "./fty.jar;md5;9fdf355f7d803698900ccf4ceb4626cb",
  "wallpaper": "http://www.饭太硬.top/深色壁纸/api.php",
  "sites": [
    {
      "key": "豆豆",
      "name": "🌕公众号【神秘的哥哥们】",
      "type": 3,
      "api": "csp_DouDou",
      "searchable": 0,
      "quickSearch": 0,
      "filterable": 0
    },
    {
      "key": "玩偶",
      "name": "👽玩偶哥哥┃4K弹幕",
      "type": 3,
      "api": "csp_WoGG",
      "searchable": 1,
      "quickSearch": 1,
      "changeable": 0,
      "ext": "http://127.0.0.1:9978/file/tvfan/token.txt+4k|auto|fhd$$$https://www.wogg.xyz/$$$弹"
    },
    {
      "key": "YGP",
      "name": "🚀叨观荐影┃新片",
      "type": 3,
      "api": "csp_YGP",
      "searchable": 0,
      "quickSearch": 0,
      "changeable": 0
    },
    {
      "key": "酷看",
      "name": "💡酷看┃秒播",
      "type": 3,
      "api": "csp_Kkys",
      "timeout": 15,
      "searchable": 1,
      "quickSearch": 1,
      "changeable": 1
    },
    {
      "key": "原创",
      "name": "☀原创┃无广",
      "type": 3,
      "api": "csp_YCyz",
      "timeout": 15,
      "searchable": 1,
      "quickSearch": 1,
      "changeable": 1
    },
    {
      "key": "Xinsj",
      "name": "👓视觉┃直连",
      "type": 3,
      "api": "csp_Xinsj",
      "timeout": 15,
      "searchable": 1,
      "quickSearch": 1,
      "changeable": 1,
      "ext": "https://www.80yy3.com/"
    },
    {
      "key": "厂长",
      "name": "📔厂长┃无广",
      "type": 3,
      "api": "csp_Czsapp",
      "timeout": 15,
      "playerType": 2,
      "searchable": 1,
      "quickSearch": 1,
      "changeable": 1,
      "ext": "https://www.czzy77.com/"
    },
    {
      "key": "77",
      "name": "👒七七┃秒播",
      "type": 3,
      "api": "csp_Kunyu77",
      "timeout": 15,
      "searchable": 1,
      "quickSearch": 1,
      "changeable": 1
    },
    {
      "key": "DiDuan",
      "name": "⏮️低端┃外剧",
      "type": 3,
      "api": "csp_Ddrk",
      "playerType": "2",
      "searchable": 1,
      "quickSearch": 1,
      "changeable": 1
    },
    {
      "key": "萌米",
      "name": "👀萌米┃App",
      "type": 3,
      "api": "csp_AppTT",
      "timeout": 15,
      "playerType": 1,
      "ext": "AO7TcBkd8Iifux0Y8Qze6tVlMg=="
    },
    {
      "key": "追剧",
      "name": "💥追剧┃App",
      "type": 3,
      "api": "csp_AppTT",
      "timeout": 15,
      "searchable": 1,
      "quickSearch": 1,
      "changeable": 1,
      "playerType": 1,
      "ext": "AO7TcBkd8Jqf5UgA7xXA6dVlLcc="
    },
    {
      "key": "南瓜",
      "name": "🎃南瓜┃App",
      "type": 3,
      "api": "csp_NanGua",
      "timeout": 15,
      "playerType": 2,
      "searchable": 1,
      "quickSearch": 1,
      "changeable": 1
    },
    {
      "key": "毛驴",
      "name": "🍓毛驴┃直连",
      "type": 3,
      "api": "csp_MLYS",
      "timeout": 15,
      "searchable": 1,
      "quickSearch": 1,
      "changeable": 1,
      "ext": "https://www.maolvys.com/"
    },
    {
      "key": "zxzj",
      "name": "🍊在线┃外剧",
      "type": 3,
      "api": "csp_Zxzj",
      "timeout": 15,
      "searchable": 1,
      "quickSearch": 1,
      "changeable": 1,
      "ext": "https://www.zxzja.com/"
    },
    {
      "key": "一起看 ",
      "name": "🎉一起┃App",
      "type": 3,
      "api": "csp_YQKan",
      "searchable": 1,
      "quickSearch": 1,
      "changeable": 1
    },
    {
      "key": "csp_Nmys",
      "name": "🌾农民┃直连",
      "type": 3,
      "api": "csp_Nmys",
      "timeout": 15,
      "searchable": 1,
      "quickSearch": 1,
      "changeable": 1,
      "ext": "./lib/nmys.json"
    },
    {
      "key": "csp_Bttoo",
      "name": "🍄比特┃秒播",
      "type": 3,
      "api": "csp_Bttwoo",
      "searchable": 1,
      "quickSearch": 1,
      "changeable": 1
    },
    {
      "key": "Lib",
      "name": "🌟立播┃直连",
      "type": 3,
      "api": "csp_Libvio",
      "timeout": 15,
      "searchable": 1,
      "quickSearch": 1,
      "changeable": 1,
      "ext": "https://www.libvio.pw/"
    },
    {
      "key": "Auete",
      "name": "🏝奥特┃直连",
      "type": 3,
      "api": "csp_Auete",
      "timeout": 15,
      "searchable": 1,
      "quickSearch": 1,
      "changeable": 1,
      "ext": "https://auete.pro/"
    },
    {
      "key": "SP33",
      "name": "📺三三┃解析",
      "type": 3,
      "api": "csp_SP33",
      "searchable": 1,
      "quickSearch": 1,
      "filterable": 1,
      "changeable": 0
    },
    {
      "key": "贱贱",
      "name": "🐭贱贱┃p2p",
      "type": 3,
      "searchable": 1,
      "quickSearch": 1,
      "changeable": 1,
      "playerType": "1",
      "api": "./lib/drpy2.min.js",
      "ext": "./lib/jp.js"
    },
    {
      "key": "新6V",
      "name": "🧲新6V┃磁力",
      "type": 3,
      "api": "csp_SixV",
      "searchable": 1,
      "quickSearch": 1,
      "changeable": 0,
      "ext": "http://www.xb6v.com/"
    },
    {
      "key": "csp_Dm84",
      "name": "🚌动漫┃巴士",
      "type": 3,
      "api": "csp_Dm84",
      "searchable": 1,
      "quickSearch": 1,
      "changeable": 1
    },
    {
      "key": "csp_Ying",
      "name": "💮樱花┃动漫",
      "type": 3,
      "api": "csp_Ying",
      "searchable": 1,
      "quickSearch": 1,
      "changeable": 1
    },
    {
      "key": "csp_Ysj",
      "name": "🎀异界┃动漫",
      "type": 3,
      "api": "csp_Ysj",
      "searchable": 1,
      "quickSearch": 1,
      "changeable": 1
    },
    {
      "key": "csp_Anime1",
      "name": "🐾日本┃动漫",
      "type": 3,
      "api": "csp_Anime1",
      "searchable": 1,
      "quickSearch": 1,
      "changeable": 1
    },
    {
      "key": "88js",
      "name": "⚽ 88┃看球",
      "type": 3,
      "api": "csp_Kanqiu",
      "style": {
        "type": "list"
      },
      "searchable": 0,
      "quickSearch": 0,
      "changeable": 0
    },
    {
      "key": "Jrsjs",
      "name": "⚽ Jrs┃球迷",
      "type": 3,
      "api": "./lib/drpy2.min.js",
      "ext": "./lib/jrk.js",
      "style": {
        "type": "list"
      },
      "searchable": 0,
      "quickSearch": 0,
      "changeable": 0
    },
    {
      "key": "310js",
      "name": "⚽310┃看球",
      "type": 3,
      "api": "./lib/drpy2.min.js",
      "ext": "./lib/310直播.js",
      "style": {
        "type": "list"
      },
      "searchable": 0,
      "quickSearch": 0,
      "changeable": 0
    },
    {
      "key": "企鹅体育xp",
      "name": "🐧鹅鹅┃体育",
      "type": 3,
      "api": "csp_XPath",
      "style": {
        "type": "list"
      },
      "searchable": 0,
      "quickSearch": 0,
      "changeable": 0,
      "ext": "./lib/企鹅直播.json"
    },
    {
      "key": "酷奇js",
      "name": "🎤酷奇┃MV",
      "type": 3,
      "api": "./lib/drpy2.min.js",
      "ext": "./lib/酷奇MV.js",
      "style": {
        "type": "rect",
        "ratio": 1.597
      },
      "searchable": 0,
      "quickSearch": 0,
      "changeable": 0
    },
    {
      "key": "MTV",
      "name": "🎧明星┃MV",
      "type": 3,
      "api": "csp_Bili",
      "style": {
        "type": "rect",
        "ratio": 1.597
      },
      "searchable": 0,
      "quickSearch": 0,
      "changeable": 0,
      "ext": "./lib/MTV.json"
    },
    {
      "key": "csp_Yj1211",
      "name": "📽️网红┃直播",
      "type": 3,
      "api": "csp_Yj1211",
      "playerType": "1",
      "searchable": 0,
      "quickSearch": 1,
      "changeable": 0
    },
    {
      "key": "虎牙直播js",
      "name": "🐯虎牙┃直播",
      "type": 3,
      "api": "./lib/drpy2.min.js",
      "ext": "./lib/huya2.js",
      "style": {
        "type": "rect",
        "ratio": 1.755
      },
      "playerType": "1",
      "searchable": 0,
      "quickSearch": 0,
      "changeable": 0
    },
    {
      "key": "斗鱼js",
      "name": "🐟斗鱼┃直播",
      "type": 3,
      "api": "./lib/drpy2.min.js",
      "ext": "./lib/斗鱼直播.js",
      "style": {
        "type": "rect",
        "ratio": 1.755
      },
      "playerType": "1",
      "searchable": 0,
      "quickSearch": 0,
      "changeable": 0
    },
    {
      "key": "聚短视频js",
      "name": "📽️聚短┃视频",
      "type": 3,
      "api": "./lib/drpy2.min.js",
      "ext": "./lib/短视频.js",
      "searchable": 0,
      "quickSearch": 0,
      "changeable": 0
    },
    {
      "key": "有声小说js",
      "name": "🎧有声┃小说",
      "type": 3,
      "api": "./lib/drpy2.min.js",
      "ext": "./lib/有声小说吧.js",
      "style": {
        "type": "rect",
        "ratio": 1
      },
      "searchable": 0,
      "quickSearch": 0,
      "changeable": 0
    },
    {
      "key": "Aid",
      "name": "🚑急救┃教学",
      "type": 3,
      "api": "csp_FirstAid",
      "searchable": 0,
      "quickSearch": 0,
      "changeable": 0,
      "style": {
        "type": "rect",
        "ratio": 3.8
      }
    },
    {
      "key": "YiSo",
      "name": "😹易搜┃搜索",
      "type": 3,
      "api": "csp_YiSo",
      "searchable": 1,
      "quickSearch": 1,
      "changeable": 0,
      "ext": "http://127.0.0.1:9978/file/tvfan/token.txt+4k|auto|fhd"
    },
    {
      "key": "PanSou",
      "name": "🦊盘搜┃搜索",
      "type": 3,
      "api": "csp_PanSou",
      "searchable": 1,
      "quickSearch": 1,
      "changeable": 0,
      "ext": "http://127.0.0.1:9978/file/tvfan/token.txt+4k|auto|fhd"
    },
    {
      "key": "UpYun",
      "name": "😻Up搜┃搜索",
      "type": 3,
      "api": "csp_UpYun",
      "searchable": 1,
      "quickSearch": 1,
      "changeable": 0,
      "ext": "http://127.0.0.1:9978/file/tvfan/token.txt+4k|auto|fhd"
    },
    {
      "key": "PanSearch",
      "name": "🙀盘Se┃搜索",
      "type": 3,
      "api": "csp_PanSearch",
      "searchable": 1,
      "quickSearch": 1,
      "changeable": 0,
      "ext": "http://127.0.0.1:9978/file/tvfan/token.txt+4k|auto|fhd"
    },
    {
      "key": "push_agent",
      "name": "🛴手机┃推送",
      "type": 3,
      "api": "csp_Push",
      "searchable": 0,
      "quickSearch": 0,
      "ext": "http://127.0.0.1:9978/file/tvfan/token.txt+4k|auto|fhd"
    },
    {
      "key": "Bili",
      "name": "🅱哔哔┃合集",
      "type": 3,
      "api": "csp_Bili",
      "style": {
        "type": "rect",
        "ratio": 1.597
      },
      "searchable": 1,
      "quickSearch": 0,
      "changeable": 0,
      "ext": "./lib/bilibili.json"
    },
    {
      "key": "Biliych",
      "name": "🅱明星┃演唱会",
      "type": 3,
      "api": "csp_Bili",
      "style": {
        "type": "rect",
        "ratio": 1.597
      },
      "searchable": 1,
      "quickSearch": 0,
      "changeable": 0,
      "ext": "./lib/biliych.json"
    },
    {
      "key": "dr_兔小贝",
      "name": "📚儿童┃启蒙",
      "type": 3,
      "api": "./lib/drpy2.min.js",
      "ext": "./lib/兔小贝.js",
      "style": {
        "type": "rect",
        "ratio": 1.597
      },
      "searchable": 0,
      "quickSearch": 0,
      "changeable": 0
    },
    {
      "key": "少儿教育",
      "name": "📚少儿┃教育",
      "type": 3,
      "api": "csp_Bili",
      "style": {
        "type": "rect",
        "ratio": 1.597
      },
      "searchable": 0,
      "quickSearch": 0,
      "changeable": 0,
      "ext": "./lib/少儿教育.json"
    },
    {
      "key": "小学课堂",
      "name": "📚小学┃课堂",
      "type": 3,
      "api": "csp_Bili",
      "style": {
        "type": "rect",
        "ratio": 1.597
      },
      "searchable": 0,
      "quickSearch": 0,
      "changeable": 0,
      "ext": "./lib/小学课堂.json"
    },
    {
      "key": "初中课堂",
      "name": "📚初中┃课堂",
      "type": 3,
      "api": "csp_Bili",
      "style": {
        "type": "rect",
        "ratio": 1.597
      },
      "searchable": 0,
      "quickSearch": 0,
      "changeable": 0,
      "ext": "./lib/初中课堂.json"
    },
    {
      "key": "高中教育",
      "name": "📚高中┃课堂",
      "type": 3,
      "api": "csp_Bili",
      "style": {
        "type": "rect",
        "ratio": 1.597
      },
      "searchable": 0,
      "quickSearch": 0,
      "changeable": 0,
      "ext": "./lib/高中课堂.json"
    },
    {
      "key": "Nbys",
      "name": "🛫泥巴┃飞",
      "type": 3,
      "api": "csp_NiNi",
      "searchable": 1,
      "quickSearch": 1,
      "changeable": 1
    },
    {
      "key": "csp_trj",
      "name": "🛫唐人街┃飞",
      "type": 3,
      "api": "csp_Tangrenjie",
      "searchable": 1,
      "quickSearch": 1,
      "changeable": 1
    }
  ],
  "parses": [
    {
      "name": "聚合",
      "type": 3,
      "url": "Demo"
    },
    {
      "name": "神秘的哥哥们",
      "type": 1,
      "url": "http://api.888484.xyz/神秘哥哥/super.php?v=",
      "ext": {
        "flag": [
          "qq",
          "腾讯",
          "qiyi",
          "爱奇艺",
          "奇艺",
          "youku",
          "优酷",
          "tucheng",
          "sohu",
          "搜狐",
          "letv",
          "乐视",
          "mgtv",
          "芒果",
          "tnmb",
          "seven",
          "yzm",
          "aliyun",
          "RJuMao",
          "bilibili",
          "1905",
          "xinvip",
          "XAL",
          "qiqi",
          "XALS"
        ]
      }
    },
    {
      "name": "免费分享",
      "type": 0,
      "url": "https://jx.xmflv.com/?url=",
      "ext": {
        "flag": [
          "qq",
          "腾讯",
          "qiyi",
          "爱奇艺",
          "奇艺",
          "youku",
          "优酷",
          "mgtv",
          "芒果",
          "imgo",
          "letv",
          "乐视",
          "pptv",
          "PPTV",
          "sohu",
          "bilibili",
          "哔哩哔哩",
          "哔哩"
        ],
        "header": {
          "User-Agent": "okhttp/4.1.0"
        }
      }
    }
  ],
  "doh": [
    {
      "name": "Google",
      "url": "https://dns.google/dns-query",
      "ips": [
        "8.8.4.4",
        "8.8.8.8"
      ]
    },
    {
      "name": "Cloudflare",
      "url": "https://cloudflare-dns.com/dns-query",
      "ips": [
        "1.1.1.1",
        "1.0.0.1",
        "2606:4700:4700::1111",
        "2606:4700:4700::1001"
      ]
    },
    {
      "name": "AdGuard",
      "url": "https://dns.adguard.com/dns-query",
      "ips": [
        "94.140.14.140",
        "94.140.14.141"
      ]
    },
    {
      "name": "DNSWatch",
      "url": "https://resolver2.dns.watch/dns-query",
      "ips": [
        "84.200.69.80",
        "84.200.70.40"
      ]
    },
    {
      "name": "Quad9",
      "url": "https://dns.quad9.net/dns-quer",
      "ips": [
        "9.9.9.9",
        "149.112.112.112"
      ]
    }
  ],
  "rules": [
    {
      "name": "hwk",
      "hosts": [
        "haiwaikan"
      ],
      "regex": [
        "10.0099",
        "10.3333",
        "16.0599",
        "8.1748",
        "12.33",
        "10.85"
      ]
    },
    {
      "name": "yqk",
      "hosts": [
        "yqk88"
      ],
      "regex": [
        "18.4",
        "15.1666",
        "16.5333",
        "#EXT-X-DISCONTINUITY\\r*\\n*[\\s\\S]*?#EXT-X-CUE-IN"
      ]
    },
    {
      "name": "sn",
      "hosts": [
        "suonizy"
      ],
      "regex": [
        "#EXTINF.*?\\s+.*?original.*?\\.ts\\s+",
        "15.1666",
        "15.2666",
        "16.3333",
        "15.266667"
      ]
    },
    {
      "name": "bf",
      "hosts": [
        "bfzy"
      ],
      "regex": [
        "#EXT-X-DISCONTINUITY\\r*\\n*#EXTINF:3,[\\s\\S]*?#EXT-X-DISCONTINUITY"
      ]
    },
    {
      "name": "xx",
      "hosts": [
        "aws.ulivetv.net"
      ],
      "regex": [
        "#EXT-X-DISCONTINUITY\\r*\\n*#EXTINF:8,[\\s\\S]*?#EXT-X-DISCONTINUITY"
      ]
    },
    {
      "name": "lz",
      "hosts": [
        "lz"
      ],
      "regex": [
        "18.5333",
        "19.52"
      ]
    },
    {
      "name": "ff",
      "hosts": [
        "vip.ffzy",
        "hd.ffzy",
        "ffzy"
      ],
      "regex": [
        "25.0666",
        "25.08",
        "20.52",
        "25.1",
        "25.1999"
      ]
    },
    {
      "name": "hs",
      "hosts": [
        "huoshan.com"
      ],
      "regex": [
        "item_id="
      ]
    },
    {
      "name": "dy",
      "hosts": [
        "douyin.com"
      ],
      "regex": [
        "is_play_url="
      ]
    },
    {
      "name": "nm",
      "hosts": [
        "toutiaovod.com"
      ],
      "regex": [
        "video/tos/cn"
      ]
    },
    {
      "name": "cl",
      "hosts": [
        "magnet"
      ],
      "regex": [
        "最 新",
        "直 播",
        "更 新"
      ]
    }
  ],
  "lives": [
    {
      "name": "SAO0",
      "type": 0,
      "url": "./lib/tvlive.txt",
      "playerType": 1,
      "ua": "okhttp/3.15",
      "epg": "http://epg.112114.xyz/?ch={name}&date={date}",
      "logo": "https://epg.112114.xyz/logo/{name}.png"
    },
    {
      "name": "IPV6",
      "type": 0,
      "url": "./lib/ipv6.m3u",
      "playerType": 1,
      "ua": "okhttp/3.15",
      "epg": "http://epg.112114.xyz/?ch={name}&date={date}",
      "logo": "https://epg.112114.xyz/logo/{name}.png"
    }
  ]
}