{
        "主页url": "https://www.gs4x7nq4.com/",
        "播放请求头": "User-Agent$Mozilla/5.0 (Windows NT 10.0; Win64; x64) AppleWebKit/537.36 (KHTML, like Gecko) Chrome/128.0.0.0 Safari/537.36",
        "简介": "</label>&&</div>",
        "嗅探词": ".mp4#.m3u8#.flv#.m3u8?#.mp4?",
        "影片类型": "tags\">&&director\">",
        "影片状态": "bottom\">&&</div>",
        "二次截取": "videoList\":\\[&&\\]",
        "数组": "{&&}[不包含:伦理剧]",
        "图片": "https+://ywxohs.com+obs.gduamoe.com&&\",",
        "标题": "vodName\":\"&&\"",
        "副标题": "vodRemarks\":\"&&\"",
        "链接": "https://www.gs4x7nq4.com/detail/+vodId\":&&,",
        "导演": "导演:</div>&&主演",
        "主演": "主演:</div>&&别名",
        "线路标题": "xxx",
        "播放数组": "listitem\">&&info\">",
        "播放列表": "<a&&</a>",
        "倒序": "否",
        "搜索url": "https://www.gs4x7nq4.com/vod/search/{wd}",
        "搜索副标题": "class=\"boottom\"*<div>&&</div",
        "分类": "电影$1#电视剧$2#综艺$3#动漫$4",
        "分类url": "https://www.gs4x7nq4.com/vod/show/id/{cateId}/class/{class}/year/{year}/area/{area}/page/{catePg}"
      }