{
  "规则名": "虎牙直播",
  "规则作者": "香雅情",
  "请求头参数": "手机",
  "网页编码格式": "UTF-8",
  "图片是否需要代理": "0",
  "是否开启获取首页数据": "1",
  "首页推荐链接": "clan://XYQTVBox/虎牙主播.html",
  "首页列表数组规则": "body&&.list",
  "首页片单列表数组规则": "a",
  "首页片单是否Jsoup写法": "1",
  "首页片单标题": "a&&Text",
  "首页片单链接": "a&&href",
  "首页片单图片": "a&&data-original",
  "首页片单副标题": "a&&desc",
  "首页片单链接加前缀": "http://61.133.118.228:5001/huya/",
  "首页片单链接加后缀": "#GD线路$https://www.goodiptv.club/huya/'input'",
  "分类起始页码": "1",
  "分类链接": "https://live.cdn.huya.com/liveHttpUI/getLiveList?iGid={cateId}&iPageNo={catePg}&iPageSize=120",
  "分类名称": "热门&网游&单机&娱乐&手游",
  "分类名称替换词": "2336&1&7771&1663&3203",
  "筛选数据": "ext",
  "筛选子分类名称": "王者荣耀&云梦之星&绝地求生&英雄联盟&星秀&吃喝玩乐&主机游戏&和平精英&穿越火线&颜值&二次元&地下城与勇士&暴雪专区&一起看&我的世界||英雄联盟&lol云顶之弈&守望先锋归来&超击突破&穿越火线&地下城与勇士&炉石传说&魔兽世界&DOTA2&CS：GO&CFHD&DOTA1&QQ飞车&问道&魔兽争霸3&逆战&梦三国&坦克世界&起凡：群雄逐鹿&神武4电脑版&堡垒之夜&英魂之刃&网游竞技&暴雪专区&射击综合游戏&军事游戏&无畏契约&逆水寒&剑灵&冒险岛&永恒之塔&诛仙3&彩虹岛Online&热血江湖&传奇&炉石战棋&龙之谷&传奇类游戏&御龙在天&QQ三国&寻仙&天谕&剑网3&枪神纪&反恐精英Online&体育游戏&星际争霸&武林外传一世琴缘&战舰世界&生死狙击2&千年3&星际战甲&铁甲雄兵&斗战神&荒野行动PC版&暗黑破坏神&九阴真经&QQ华夏&天涯明月刀&丝路传说2&大唐无双零&QQ自由幻想&战争雷霆&使命召唤：战区&NBA2KOL系列&跑跑卡丁车&命运方舟&征途&梦想世界3&刀剑英雄&激战2&新倩女幽魂&诛仙世界&流放之路&FIFA Online系列&真·三国无双OL&神泣&轩辕传奇&天翼决&大话西游2&战地之王&造梦西游OL&生死狙击&完美世界：诸神之战&QQ仙侠传&战意&反恐行动online&蜀山：初章&希望OL&完美端游系列&天下&命运2&征途2&创世战车&全球使命3&天命西游&洛奇英雄传&剑侠世界&赛尔号&泡泡堂&蜀门&劲舞团&QQ幻想&古剑奇谭OL&QQ炫舞&新飞飞(FlyFF)&新剑侠情缘&热血江湖2&天堂&装甲战争&疾风之刃&起凡游戏三国争霸&征程&FIFA Online4&极光世界 弑神传&坦克大战&QQ幻想世界&使命召唤：现代战争&奇迹世界2&鹿鼎记&QQ音速&梦幻诛仙2&诺亚传说&飞龙在天传奇&天书奇谈&成吉思汗3&全球使命&街头篮球&权力的游戏 凛冬将至 页游&新挑战&星辰变&火线精英&自在西游&黑色沙漠&起凡：群雄逐鹿HD&斗破苍穹&赤壁&刀剑2&远征Online梦想版&Project Zomboid&奇迹：传奇&逍遥江湖零&黄易群侠传2&释厄英雄&反恐精英&炫舞时代&魔侠传&神魔大陆&EVE Online&无尽战区&全面战争：竞技场&千古风流&万王之王3&冰原之战&冒险岛2&云端王国&北地物语2&梦幻龙族II&数码精灵Online&倚天Ⅱ&神话&三国&九天神话&名将三国&阿克拉什：传承&最强军团&忍者村大战2&夺宝传世&300英雄&风云龙战天下&成吉思汗怀旧版&领地人生&笑傲江湖&上古世纪&劲乐团&蜀山剑侠传&上古封神&人类必须反击&热血轩辕OL&超激斗梦境&极品飞车Online&独孤求败&威尼斯崛起&蜀山神话&圣境传说&永久基地&火瀑&圣斗士星矢ol&无限法则&仙侠世界2&坠星大陆&霸刀群侠传online&闪烁之光&龙麒&画皮世界&黎明之光&神佑&创世联盟&泰亚史诗&使命召唤：黑色行动4&御天降魔传||战神：诸神黄昏&Dread Hunger&天天吃鸡&永劫无间&主机游戏&我的世界&方舟&单机热游&互动点播&怀旧游戏&逃离塔科夫&Apex英雄&部落：上升&卧龙：苍天陨落&俄罗斯钓鱼4&怪物猎人物语&怪物猎人：崛起&骑马与砍杀系列&死亡之夜&SCUM&饥荒&艾尔登法环&荒野大镖客2&恐惧之间&使命召唤系列&星球大战系列&怪物猎人世界&森林之子&互动剧游&恐鬼症&欧洲卡车模拟&极限竞速：地平线&DayZ独立版&战地5&阿尔比恩&盗贼之海&幽灵线：东京&纸人&育碧游戏&港诡实录&漫漫长夜&三国志&只狼：影逝二度&黑与白2&其他单机&Among Us&Dark and Darker&仙剑奇侠传七&罗布乐思&归家异途&霍格沃茨之遗&仁王2&岛&帝国神话&双人成行&灵魂筹码&九霄缳神记&都市：天际线&甜蜜之家&流放者柯南&鬼谷八荒&海底大作战&帝国时代4&深岩银河：下潜&猎人：荒野的召唤&大侠立志传&英灵神殿&Stray&洛克王国&石油骚动&消逝的光芒2&非对称派对游戏&真三国无双&魔法门之英雄无敌系列&海贼王 寻秘世界&音乐游戏&任天堂专区&扫雷&全面战争：三国&战术小队&文明6&全境封锁&流星蝴蝶剑&WWE 2K&哈迪斯&刺客信条&看门狗：军团&对马岛之魂&渡神记&全面战争&精灵与萤火意志&层层恐惧&伤害世界&拾荒者&英雄连&奥奇传说&缺氧&逃生者2&美丽水世界&机械迷城&沙石镇时光&禁闭求生&帝国时代系列&宝可梦：剑盾&武装突袭&十三月&糖豆人：终极淘汰赛&幽灵行动：荒野&战锤40K：暗潮&海贼王：热血燃烧&胡闹厨房&精灵宝可梦Let's Go&紫塞秋风&雨血前传：蜃楼&小骨：英雄杀手&最终幻想7：重制版&四海兄弟&FIFA足球&奥拉星&生化3：抵抗计划&戴森球计划&足球小将&新世界&环世界&无人深空&星露谷物语&游戏王&三国群英传8&实况足球系列&神秘海域4&塞尔达传说：荒野之息&路易鬼屋3&摔跤城大乱斗&恐怖黎明&罗马复兴&马里奥专区&人间地狱&冰汽时代&刺客信条：英灵殿&漫威蜘蛛侠&弈仙牌&中土世界系列&奥日与黑暗森林&恶魔之魂&小缇娜的奇幻之地&Biped&攻城掠地&人类一败涂地&斩妖行&Steamcraft&Cube&割绳子&黑山：起源&闪克&街机游戏&桥梁建造师&马里奥赛车8&纪元1800&黎明之星&剑勇传奇：忍者龙剑传Z&太荒初境&复仇者联盟&死亡搁浅&FIFA 23&模拟农场&模拟人生4&细胞分裂&极品飞车22：不羁&超级战壕大战&鬼武者3&最终幻想：起源&霓虹深渊&最终幻想系列&女神异闻录&瑞奇与叮当&轩辕剑外传：云之遥&草根传奇&泰坦陨落&SCP 173&龙歌&立方体&为了吾皇||星秀&户外&一起看&二次元&虚拟偶像&旅游&娱乐天地&放映厅&交友&组队&吃喝玩乐&颜值&原创&虎牙地方&体育&虎牙文化&趣分享&美食&科技&音乐&派对&直播购||和平精英&云梦之星&王者荣耀&黎明觉醒：生机&英雄联盟手游&金铲铲之战&原神&CF手游&三国志战棋版&综合手游&新游广场&QQ飞车手游&火影忍者手游&欢乐麻将&中国象棋&三国杀&天天狼人&欢乐斗地主&暗区突围&问道手游&部落冲突&皇室战争&忍者必须死3&手游休闲&MMORPG&战争冲突&动作游戏&棋牌桌游&王者模拟战&天龙八部手游&二次元手游&虎牙领主争霸&一起玩&明日之后&狼人杀手游&COD手游&暗黑破坏神：不朽&幻塔&神武4手游&第五人格&天涯明月刀手游&御龙在天手游&三国志战略版&球球大作战&狼人杀&蛋仔派对&多乐棋牌&崩坏3&天天象棋&英雄杀&DNF手游&诛仙手游&热血江湖手游&完美世界手游&妄想山海&新笑傲江湖&崩坏：星穹铁道&指尖四川麻将&迷你世界&斗罗大陆：魂师对决&狼人杀官方&万国觉醒&天龙八部2：飞龙战天&云上城之歌&奇迹MU：觉醒&JJ棋牌&奶块&斗破苍穹手游&最强NBA&极无双2&武侠乂手游&新剑侠情缘手游&创造与魔法&逆水寒手游&阴阳师&多多自走棋&倩女幽魂手游&跑跑卡丁车手游&巅峰战舰&征途2手游&率土之滨&英雄联盟电竞经理&流星群侠传&英魂之刃口袋版&重返帝国&SKY光遇&永恒纪元：戒&剑侠世界3&征途手游&绝世仙王&青云诀2&一梦江湖&精灵盛典：黎明&红警OL&海岛奇兵&剑灵：革命&九灵神域&混沌起源&梦幻诛仙手游&天天酷跑&龙武手游&王牌战争：文明重启&时空猎人3&太古神王2&寻仙手游&天天吃鸡手机版&FIFA足球世界&方舟手游&弹弹堂手游&长安幻想&航海王：燃烧意志&风云&庆余年手游&魔力宝贝&口袋觉醒&三国战纪2&影之刃3&新斗罗大陆&仙境传说RO&北凉悍刀行&单机手游&无神之界&军棋&猎魂觉醒&灌篮高手正版授权手游&王牌竞速&行界&鸿图之下&三国战纪&斗罗大陆&新盗墓笔记&荒野乱斗&荣耀大天使&梦幻新诛仙&航海王热血航线&雀魂麻将&明日方舟&坦克世界闪击战&永劫无间手游&龙之谷2手游&轩辕传奇手游&合金弹头：觉醒&超凡先锋&机动都市阿尔法&不良人3&决战平安京&剑侠世界2手游&逃跑吧！少年&荒野行动&香肠派对&植物大战僵尸&哈利波特：魔法觉醒&剑网3：指尖江湖&火影忍者OL&天谕手游&拳皇命运&QQ炫舞手游&风云岛行动&Lost Light（萤火突击国际服）&一念逍遥&蚁族崛起&QQ华夏手游&仙魔决&绝世战魂&镇魂街：天生为王&梦幻模拟战&游戏王：决斗链接&原始征途&全民枪战2&魂斗罗：归来&我叫MT4&巅峰极速&武林外传手游&龙之谷世界&斗罗大陆-斗神再临&黑色沙漠手游&时空召唤&魔力宝贝：旅人&决斗之城&少年三国志2&掼蛋&阴阳师：百闻牌&冰火创世纪&元气骑士&龙珠觉醒&黎明之光手游&远征&绿色征途&天堂2：血盟&火炬之光：无限&梦三国手游&绝区零&腾讯桌球&虎牙吃鸡&自由之战2&重生细胞&忘川风华录&蛇蛇争霸&欢乐升级&球球英雄&我的起源&一拳超人：最强之男&太空行动&绿茵信仰&无期迷途&漫威超级战争&逍遥情缘&仙战&龙族幻想&新游推荐&荣耀新三国&摩尔庄园&天堂 W&斗罗大陆：武魂觉醒&斗破仙途&魔渊之刃&刀塔传奇&幻世九歌&深空之眼&未来之役&剑与家园&一剑斩仙&剑网1：归来&镇魂街：武神躯&虎牙球球&米加小镇&警匪杀&龙之国物语&黑暗与光明手游&小小蚁国&饭狼&零号任务&星球：重启&魂武者&一人之下&龙与家园&重写三国志&提灯与地下城&贪吃蛇大作战&战双：帕弥什&星露谷物语手游&圣斗士星矢(腾讯)&斗罗大陆2：绝世唐门&忍者龟：归来&刺客同盟&神雕侠侣手游&武动乾坤&魔龙世界&洪荒&三国志：幻想大陆&全民斩仙&小小军团&猎龙计划&新轩辕剑&圣斗士星矢：正义传说&龙族血统&航海王激战&微信小游戏&枪火重生手游&三十六计&口袋妖怪重制&三界争锋&口袋妖怪 VS&蜀山奇缘&不良人2&弹弹堂大冒险&泰拉瑞亚手游&QQ游戏大厅&另一个伊甸： 超越时空的猫&斗斗堂&狩猎时刻&刀剑契约&仙剑Q传&口袋对决&乱世王者&全民奇迹2&航海王强者之路&牧羊人之心&口袋决斗&少年三国志&秦时明月2&一拳超人正义执行&大话西游手游&风暴魔域&混沌与秩序之英雄战歌&文明与征服&君临天下（手游）&天使纪元&航海王：启航&剑侠情缘手游&太极熊猫3：猎龙&九州天空城3D&诺亚之心&星途&永不言弃3：世界&全民精灵&我的恐龙&放开那三国3&一刀流&侍魂OL&火影世界3D&坎公骑冠剑&APEX手游&神将三国&保卫萝卜3&无尽的拉格朗日&战舰猎手&极无双&奇迹：最强者&热血英雄&大唐仙灵之灵武奇缘&猫之城&光明冒险&实况足球&数码宝贝：新世纪&非人学园&傲世西游&饥荒：新家&密室逃脱&真三国无双霸&传奇天下&失落城堡手游&火影忍者：巅峰对决&传奇生物&猫和老鼠",
  "筛选子分类替换词": "2336&9521&2793&1&1663&100044&100032&3203&4&2168&2633&2&100043&2135&1732||1&5485&2174&7467&4&2&393&8&7&862&6079&6&9&107&4615&135&489&802&1612&3227&100117&1830&100023&100043&100141&100133&5937&2952&897&2243&446&1646&683&387&983&5751&15&2060&675&1090&734&1899&900&496&1918&100135&5&1661&1947&6091&878&627&2765&591&3185&1123&1009&1878&1219&1026&1584&1862&624&5911&3959&162&3058&2715&486&915&406&1579&7749&427&100079&324&2531&159&779&2975&618&6815&2471&7217&2291&2599&861&7761&1161&3034&1597&2942&677&2741&2953&1086&432&903&2755&440&4711&2420&2419&1892&2440&1582&586&386&1966&2276&334&11&678&3683&514&4359&2897&5713&766&45&1085&488&190&77&2225&641&939&206&7945&583&553&2550&7907&1877&5423&590&179&1867&142&1319&3917&133&42&7677&863&3353&55&296&1292&2318&5901&7155&1057&925&2350&1003&1204&1524&594&959&299&1053&1153&6741&1142&534&2369&772&1132&84&640&2282&288&1046&2469&217&1824&997&385&5691&2563&365&1200&216&822&447&399&1652&3189&2723&1337&91&7455&2814&337&41&2090&2713&2977&4429&676||7771&7601&2793&6219&100032&1732&1997&100002&5907&100125&3493&5011&1318&7859&5495&7101&6479&4783&6129&4245&74&5801&4319&6679&100137&554&3519&7943&6919&6205&475&2634&1125&4371&8115&3641&7669&5257&100139&5853&2303&2270&4505&38&3069&6163&7905&6509&5771&2949&7881&5795&3019&6821&6737&4059&5941&2201&6739&2772&6571&3101&4835&3647&2906&7993&6609&7745&2864&2585&7581&6101&1599&2096&5097&2761&100087&2349&3004&2360&2650&2342&426&2796&6153&1962&6155&6039&6231&3521&5895&2288&2337&6851&232&2848&2884&3015&2365&1834&7687&6065&708&5715&465&7823&6083&2794&3016&2473&4217&4375&6045&98&6565&5809&5995&1888&2846&5931&6523&6103&7239&4865&2566&2443&412&6425&2596&2486&2924&5719&7773&3435&2430&2120&5429&5725&6149&4249&7871&1807&1946&6151&7647&5307&1737&3289&6105&5243&51&896&37&111&5999&3275&5947&5235&40&1498&7685&6121&5695&7789&2344&6607&270&7885&175&61&7653&5743&2454&3981&2455&157&230&1446&1083&14&289&2965||1663&2165&2135&2633&6055&6791&100022&6245&4079&5367&100044&2168&6861&5123&2356&4089&5883&2752&2408&3793&7785&7759||3203&9521&2336&6131&6203&7185&5489&2413&7937&100029&100052&2928&2429&1751&1671&1669&2774&1749&7209&2477&1797&2439&4041&100004&100273&7449&100197&100036&5699&2852&100091&7529&6613&3483&100049&4769&6385&6437&3135&3115&5115&2568&5619&2411&2785&6909&6209&2639&4997&2688&4921&2647&2817&4237&6007&5669&7349&7215&2683&6745&3679&6159&7929&5977&3116&3841&2775&4337&2988&7825&4929&6259&2931&7725&2598&5133&2503&2620&2502&2811&2691&7177&3927&2760&6955&3719&2646&7183&2556&6619&6009&3082&6123&4413&2624&4545&7719&5985&2672&1715&5219&5479&6411&6649&2979&4341&3873&4035&2857&6727&3943&3061&6939&2891&5953&6049&6251&6657&2675&7781&2777&6767&2561&3071&5399&6463&8109&6027&6047&6119&7093&4613&6477&5975&6181&7107&4925&4977&7579&2736&2927&6931&6507&5411&5891&3064&3150&4137&3084&3639&485&5835&3885&3901&5925&3379&2991&4695&6859&6419&7019&3743&1674&7501&6557&3481&4451&7713&3027&2824&4087&6979&3331&7797&6631&7287&2551&7573&2868&6125&6225&5019&7889&4287&3087&2649&7837&4227&2609&6399&2615&7711&2444&7465&2830&6561&6415&2680&3925&7027&5365&4629&7893&7017&7127&6881&6247&1673&4649&3160&6943&5981&7291&6381&1739&5837&1694&7199&6877&6831&2838&6843&7361&7069&7451&7269&7191&7675&6635&7803&2957&6787&7681&4317&3847&6863&7795&6547&2584&4133&4471&2521&6581&7913&3745&1781&3829&2807&1755&6029&1685&2671&3827&4421&6923&3749&2867&3459&7631&4195&2625&1670&2744&1794&2655&7849&7059&7213&6667&7133&6543&3705&1672&4761&2930&6233&6299&3881&4995&2627&1784&6951&2626&4759&2511&7071&1987&3439&2648&2621&2778&3329&6405&3549&3757&1688&3143&6291&1667&2707&1759&6641&7037&6621&1677&6809&2875&2702&3215&1764&5425&6497&7899&3741&6793&4045&1679&6491&1719&6071&6927&5403&6439&7005&2758",
  "分类截取模式": "0",
  "分类列表数组规则": "vList",
  "分类片单是否Jsoup写法": "1",
  "分类片单标题": "sIntroduction",
  "分类片单链接": "lProfileRoom",
  "分类片单图片": "sScreenshot",
  "分类片单副标题": "sNick",
  "分类片单链接加前缀": "http://61.133.118.228:5001/huya/",
  "分类片单链接加后缀": "#GD线路$https://www.goodiptv.club/huya/'input'",
  "搜索请求头参数": "User-Agent$手机",
  "搜索链接": "https://search.cdn.huya.com/?m=Search&do=getSearchContent&plt=m&q={wd}&uid=0&app=11&v=4&typ=-5&start=0@&rows=40",
  "POST请求数据": "",
  "搜索截取模式": "0",
  "搜索列表数组规则": "response.3.docs",
  "搜索片单是否Jsoup写法": "1",
  "搜索片单图片": "game_screenshot",
  "搜索片单标题": "game_nick",
  "搜索片单链接": "room_id",
  "搜索片单副标题": "gameName",
  "搜索片单链接加前缀": "http://61.133.118.228:5001/huya/",
  "搜索片单链接加后缀": "#GD线路$https://www.goodiptv.club/huya/'input'",
  "链接是否直接播放": "1",
  "直接播放链接加前缀": "",
  "直接播放链接加后缀": "",
  "直接播放直链视频请求头": "User-Agent$MXPlayer/1.86.0",
  "是否开启手动嗅探": "1",
  "手动嗅探视频链接关键词": "/huya",
  "手动嗅探视频链接过滤词": ".html#=http"
}