{
    "spider": "http://127.0.0.1:9978/file/TVBoxOSC/本地仓/spider.jar",
    "wallpaper": "http://127.0.0.1:9978/file/TVBox/wallpaper.jpg",
    "logo": "http://127.0.0.1:9978/file/TVBox/logo.png",
    "homeLogo": "http://127.0.0.1:9978/file/TVBox/logo.png",
    "sites": [
        {
            "key": "播客",
            "name": "播客｜综合",
            "type": 3,
            "api": "./js/drpy2.min.js",
            "ext": "./js/播客.js"
        },
        {
            "key": "配置中心",
            "name": "配置｜中心",
            "type": 3,
            "api": "csp_Config",
            "searchable": 0,
            "changeable": 0,
            "indexs": 0,
            "style": {
                "type": "rect",
                "ratio": 1.597
            }
        },
        {
            "key": "呦呦DJ",
            "name": "呦呦｜DJ",
            "type": 3,
            "api": "./js/drpy2.min.js",
            "ext": "./js/呦呦DJ.js"
        },
        {
            "key": "清风DJ",
            "name": "清风｜DJ",
            "type": 3,
            "api": "./js/drpy2.min.js",
            "ext": "./js/清风DJ.js"
        },
        {
            "key": "爱车MV",
            "name": "爱车｜MV",
            "type": 3,
            "api": "./js/drpy2.min.js",
            "ext": "./js/爱车MV.js"
        },
        {
            "key": "酷奇MV",
            "name": "酷奇｜MV",
            "type": 3,
            "api": "./js/drpy2.min.js",
            "ext": "./js/酷奇MV.js"
        },
        {
            "key": "蜻蜓FM",
            "name": "蜻蜓｜FM",
            "type": 3,
            "api": "./js/drpy2.min.js",
            "ext": "./js/蜻蜓FM.js"
        },
        {
            "key": "博看听书",
            "name": "博看｜听书",
            "type": 3,
            "api": "./js/drpy2.min.js",
            "ext": "./js/博看听书.js"
        },
        {
            "key": "六月听书",
            "name": "六月｜听书",
            "type": 3,
            "api": "./js/drpy2.min.js",
            "ext": "./js/六月听书.js"
        },
        {
            "key": "爱上你听书网",
            "name": "爱上你｜听书",
            "type": 3,
            "api": "./js/drpy2.min.js",
            "ext": "./js/爱上你听书网.js"
        },
        {
            "key": "有声绘本网",
            "name": "有声绘本｜听书",
            "type": 3,
            "api": "./js/drpy2.min.js",
            "ext": "./js/有声绘本网.js"
        },
        {
            "key": "评书随身听",
            "name": "评书｜在线",
            "type": 3,
            "api": "./js/drpy2.min.js",
            "ext": "./js/评书随身听.js"
        },
        {
            "key": "哔哩哔哩相声",
            "name": "相声｜哔哩",
            "type": 3,
            "api": "csp_Bili",
            "searchable": 0,
            "quickSearch": 0,
            "filterable": 0,
            "ext": {
                "cookie": "http://127.0.0.1:9978/file/TVBox/bilibili.txt",
                "json": "./json/哔哩哔哩相声.json"
            }
        },
        {
            "key": "哔哩哔哩小品",
            "name": "小品｜哔哩",
            "type": 3,
            "api": "csp_Bili",
            "searchable": 0,
            "quickSearch": 0,
            "filterable": 0,
            "ext": {
                "cookie": "http://127.0.0.1:9978/file/TVBox/bilibili.txt",
                "json": "./json/哔哩哔哩小品.json"
            }
        },
        {
            "key": "哔哩哔哩戏曲",
            "name": "戏曲｜哔哩",
            "type": 3,
            "api": "csp_Bili",
            "searchable": 0,
            "quickSearch": 0,
            "filterable": 0,
            "ext": {
                "cookie": "http://127.0.0.1:9978/file/TVBox/bilibili.txt",
                "json": "./json/哔哩哔哩戏曲.json"
            }
        },
        {
            "key": "push_agent",
            "name": "手机｜推送",
            "type": 3,
            "api": "csp_Push",
            "searchable": 0,
            "filterable": 0,
            "changeable": 0,
            "ext": {
                "token": "http://127.0.0.1:9978/file/TVBox/token.txt",
                "cookie": "http://127.0.0.1:9978/file/TVBox/quark.txt",
                "uc_cookie": "http://127.0.0.1:9978/file/TVBox/uc.txt",
                "danmu": true
            }
        }
    ],
    "parses": [
        {
            "name": "聚合",
            "type": 3,
            "url": "Demo"
        },
        {
            "name": "XGJ专线",
            "url": "http://43.248.100.147:1122/bba/xgjjson.php?url=",
            "flag": [
                "BBA"
            ],
            "header": {
                "User-Agent": "Dalvik/2.1.0"
            },
            "type": "1"
        },
        {
            "name": "XMY专线",
            "url": "http://121.62.61.51:6888/api/?key=LHypix08ov3mx0Tyd7&url=",
            "flag": [
                "NBY"
            ],
            "header": {
                "User-Agent": "Dalvik/2.1.0"
            },
            "type": "1"
        },
        {
            "name": "LX专线",
            "url": "http://llyh.xn--yi7aa.top/api/?key=5b317c16d457b31a3150d87c0a362a9e&url=",
            "flag": [
                "LXTX"
            ],
            "header": {
                "User-Agent": "Dalvik/2.1.0"
            },
            "type": "1"
        },
        {
            "name": "OL专线",
            "url": "http://110.40.39.158:5000/api/jiexi/common?Key=7idBzIqEEFyf4AYYXt&url=",
            "flag": [
                "BTOL"
            ],
            "header": {
                "User-Agent": "Dalvik/2.1.0"
            },
            "type": "1"
        },
        {
            "name": "4K专线",
            "url": "http://110.42.7.182:881/api/?key=qEDfo9v5Uk48DVmu6W&url=",
            "flag": [
                "4kvip"
            ],
            "header": {
                "User-Agent": "Dalvik/2.1.0"
            },
            "type": "1"
        },
        {
            "name": "MX专线",
            "url": "http://110.42.7.182:881/api/?key=qEDfo9v5Uk48DVmu6W&url=",
            "flag": [
                "m78"
            ],
            "header": {
                "User-Agent": "Dalvik/2.1.0"
            },
            "type": "1"
        },
        {
            "name": "BD专线",
            "url": "http://zy.uiovo.com/api/?key=951b4ca48d0f8c77cd8ebbc2e784c441&ud=105&url=",
            "flag": [
                "nmys"
            ],
            "header": {
                "User-Agent": "Dalvik/2.1.0"
            },
            "type": "1"
        },
        {
            "name": "MY专线",
            "url": "http://zy.uiovo.com/api/?key=951b4ca48d0f8c77cd8ebbc2e784c441&ud=105&url=",
            "flag": [
                "mytv"
            ],
            "header": {
                "User-Agent": "Dalvik/2.1.0"
            },
            "type": "1"
        },
        {
            "name": "XGJ专线",
            "url": "http://43.248.119.153:9991/jx/?url=",
            "flag": [
                "youku",
                "qq",
                "qiyi",
                "bilibili",
                "mgtv",
                "pptv",
                "xigua"
            ],
            "header": {
                "User-Agent": "Dalvik/2.1.0"
            },
            "type": "1"
        },
        {
            "name": "XGJ聚合",
            "url": "http://43.248.100.147:1122/XGJ/jxzy.php?url=",
            "flag": [
                "youku",
                "qq",
                "qiyi",
                "bilibili",
                "mgtv",
                "pptv",
                "xigua",
                "NBY",
                "ETH-",
                "mytv",
                "nmys",
                "BTOL",
                "4kvip",
                "m78"
            ],
            "header": {
                "User-Agent": "Dalvik/2.1.0"
            },
            "type": "1"
        },
        {
            "name": "DM专线",
            "url": "http://zy.uiovo.com/api/?key=951b4ca48d0f8c77cd8ebbc2e784c441&ud=105&url=",
            "flag": [
                "yhdm"
            ],
            "header": {
                "User-Agent": "Dalvik/2.1.0"
            },
            "type": "1"
        },
        {
            "name": "线路1",
            "type": 0,
            "url": "https://jx.xmflv.com/?url=",
            "ext": {
                "header": {
                    "user-agent": "Mozilla/5.0 (Windows NT 10.0; Win64; x64) AppleWebKit/537.36 (KHTML, like Gecko) Chrome/110.0.0.0 Safari/537.36 Edg/110.0.1587.57"
                }
            }
        },
        {
            "name": "线路2",
            "type": 0,
            "url": "https://jx.quankan.app/?url=",
            "ext": {
                "header": {
                    "user-agent": "Mozilla/5.0 (Linux; Android 13; V2049A Build/TP1A.220624.014; wv) AppleWebKit/537.36 (KHTML, like Gecko) Version/4.0 Chrome/116.0.0.0 Mobile Safari/537.36"
                }
            }
        },
        {
            "name": "线路3",
            "type": 0,
            "url": "https://jx.yparse.com/index.php?url=",
            "ext": {
                "header": {
                    "user-agent": "Mozilla/5.0 (Linux; Android 13; V2049A Build/TP1A.220624.014; wv) AppleWebKit/537.36 (KHTML, like Gecko) Version/4.0 Chrome/116.0.0.0 Mobile Safari/537.36"
                }
            }
        },
        {
            "name": "线路4",
            "type": 0,
            "url": "https://jx.aidouer.net/?url=",
            "ext": {
                "header": {
                    "user-agent": "Mozilla/5.0 (Linux; Android 13; V2049A Build/TP1A.220624.014; wv) AppleWebKit/537.36 (KHTML, like Gecko) Version/4.0 Chrome/116.0.0.0 Mobile Safari/537.36",
                    "referer": "https://jiejie.uk/"
                }
            }
        },
        {
            "name": "线路5",
            "type": 0,
            "url": "https://www.8090g.cn/?url="
        },
        {
            "name": "线路6",
            "type": 0,
            "url": "https://jx.yangtu.top?url="
        },
        {
            "name": "线路7",
            "type": 0,
            "url": "https://jx.m3u8.tv/jiexi/?url="
        },
        {
            "name": "线路8",
            "type": 0,
            "url": "https://www.ckplayer.vip/jiexi/?url="
        }
    ],
    "doh": [
        {
            "name": "Google",
            "url": "https://dns.google/dns-query",
            "ips": [
                "8.8.4.4",
                "8.8.8.8"
            ]
        },
        {
            "name": "Cloudflare",
            "url": "https://cloudflare-dns.com/dns-query",
            "ips": [
                "1.1.1.1",
                "1.0.0.1",
                "2606:4700:4700::1111",
                "2606:4700:4700::1001"
            ]
        },
        {
            "name": "AdGuard",
            "url": "https://dns.adguard.com/dns-query",
            "ips": [
                "94.140.14.140",
                "94.140.14.141"
            ]
        },
        {
            "name": "DNSWatch",
            "url": "https://resolver2.dns.watch/dns-query",
            "ips": [
                "84.200.69.80",
                "84.200.70.40"
            ]
        },
        {
            "name": "Quad9",
            "url": "https://dns.quad9.net/dns-quer",
            "ips": [
                "9.9.9.9",
                "149.112.112.112"
            ]
        }
    ],
    "lives": [
        {
            "name": "直播1",
            "type": 0,
            "url": "http://127.0.0.1:9978/file/TVBoxOSC/本地仓/live.txt",
            "playerType": 1,
            "epg": "http://epg.112114.xyz/?ch={name}&date={date}"
        },
        {
            "name": "直播2",
            "type": 0,
            "url": "https://live.fanmingming.com/tv/m3u/ipv6.m3u",
            "playerType": 1
        },
        {
            "name": "直播3",
            "type": 0,
            "url": "https://tv.iill.top/m3u/Gather",
            "playerType": 1
        }
    ],
    "flags": [
        "youku",
        "优酷",
        "优 酷",
        "优酷视频",
        "qq",
        "腾讯",
        "腾 讯",
        "腾讯视频",
        "iqiyi",
        "qiyi",
        "奇艺",
        "爱奇艺",
        "爱 奇 艺",
        "m1905",
        "xigua",
        "letv",
        "leshi",
        "乐视",
        "乐 视",
        "sohu",
        "搜狐",
        "搜 狐",
        "搜狐视频",
        "tudou",
        "pptv",
        "mgtv",
        "芒果",
        "imgo",
        "芒果TV",
        "芒 果 T V",
        "bilibili",
        "哔 哩",
        "哔 哩 哔 哩"
    ],
    "ijk": [
        {
            "group": "软解码",
            "options": [
                {
                    "category": 4,
                    "name": "opensles",
                    "value": "0"
                },
                {
                    "category": 4,
                    "name": "overlay-format",
                    "value": "842225234"
                },
                {
                    "category": 4,
                    "name": "framedrop",
                    "value": "1"
                },
                {
                    "category": 4,
                    "name": "soundtouch",
                    "value": "1"
                },
                {
                    "category": 4,
                    "name": "start-on-prepared",
                    "value": "1"
                },
                {
                    "category": 1,
                    "name": "http-detect-range-support",
                    "value": "0"
                },
                {
                    "category": 1,
                    "name": "fflags",
                    "value": "fastseek"
                },
                {
                    "category": 2,
                    "name": "skip_loop_filter",
                    "value": "48"
                },
                {
                    "category": 4,
                    "name": "reconnect",
                    "value": "1"
                },
                {
                    "category": 4,
                    "name": "enable-accurate-seek",
                    "value": "0"
                },
                {
                    "category": 4,
                    "name": "mediacodec",
                    "value": "0"
                },
                {
                    "category": 4,
                    "name": "mediacodec-auto-rotate",
                    "value": "0"
                },
                {
                    "category": 4,
                    "name": "mediacodec-handle-resolution-change",
                    "value": "0"
                },
                {
                    "category": 4,
                    "name": "mediacodec-hevc",
                    "value": "0"
                },
                {
                    "category": 1,
                    "name": "dns_cache_timeout",
                    "value": "600000000"
                }
            ]
        },
        {
            "group": "硬解码",
            "options": [
                {
                    "category": 4,
                    "name": "opensles",
                    "value": "0"
                },
                {
                    "category": 4,
                    "name": "overlay-format",
                    "value": "842225234"
                },
                {
                    "category": 4,
                    "name": "framedrop",
                    "value": "1"
                },
                {
                    "category": 4,
                    "name": "soundtouch",
                    "value": "1"
                },
                {
                    "category": 4,
                    "name": "start-on-prepared",
                    "value": "1"
                },
                {
                    "category": 1,
                    "name": "http-detect-range-support",
                    "value": "0"
                },
                {
                    "category": 1,
                    "name": "fflags",
                    "value": "fastseek"
                },
                {
                    "category": 2,
                    "name": "skip_loop_filter",
                    "value": "48"
                },
                {
                    "category": 4,
                    "name": "reconnect",
                    "value": "1"
                },
                {
                    "category": 4,
                    "name": "enable-accurate-seek",
                    "value": "0"
                },
                {
                    "category": 4,
                    "name": "mediacodec",
                    "value": "1"
                },
                {
                    "category": 4,
                    "name": "mediacodec-auto-rotate",
                    "value": "1"
                },
                {
                    "category": 4,
                    "name": "mediacodec-handle-resolution-change",
                    "value": "1"
                },
                {
                    "category": 4,
                    "name": "mediacodec-hevc",
                    "value": "1"
                },
                {
                    "category": 1,
                    "name": "dns_cache_timeout",
                    "value": "600000000"
                }
            ]
        }
    ],
    "ads": [
        "static-mozai.4gtv.tv"
    ]
}