{
    "urls": [
        {
            "url": "file://Download/local/qiqi/饭太硬/api.json",
            "name": "饭太硬"
        },
        {
            "url": "file://Download/local/qiqi/小米/api.json",
            "name": "小米"
        },
        {
            "url": "file://Download/local/qiqi/肥猫/api.json",
            "name": "肥猫"
        },
        {
            "url": "file://Download/local/qiqi/王二小/api.json",
            "name": "王二小"
        },
        {
            "url": "file://Download/local/qiqi/摸鱼儿/api.json",
            "name": "摸鱼儿"
        },
        {
            "url": "file://Download/local/qiqi/潇洒/api.json",
            "name": "潇洒"
        },
        {
            "url": "file://Download/local/qiqi/南风/api.json",
            "name": "南风"
        },
        {
            "url": "file://Download/local/qiqi/骚零/api.json",
            "name": "骚零"
        },
        {
            "url": "file://Download/local/qiqi/OK/api.json",
            "name": "OK"
        }
    ]
}