{ "urls": [{ "url": "clan://localhost/Download/local/饭太硬/api.json", "name": "饭太硬" },

{ "url": "clan://localhost/Download/local/小米/api.json", "name": "小米" },

{ "url": "clan://localhost/Download/local/肥猫/api.json", "name": "肥猫" },

{ "url": "clan://localhost/Download/local/王二小/api.json", "name": "王二小" },

{ "url": "clan://localhost/Download/local/摸鱼儿/api.json", "name": "摸鱼儿" },

{ "url": "clan://localhost/Download/local/潇洒/api.json", "name": "潇洒" },

{ "url": "clan://localhost/Download/local/天天开心/api.json", "name": "天天开心" },

{ "url": "clan://localhost/Download/local/香雅情/api.json", "name": "香雅情" },

{ "url": "clan://localhost/Download/local/南风/api.json", "name": "南风" },

{ "url": "clan://localhost/Download/local/骚零/api.json", "name": "骚零" },

{ "url": "clan://localhost/Download/local/OK/api.json", "name": "OK" },

{ "url": "clan://localhost/Download/local/戏曲音乐/api.json", "name": "戏曲音乐" },

{ "url": "clan://localhost/Download/local/短剧频道/api.json", "name": "短剧频道" },

{ "url": "clan://localhost/Download/local/少儿频道/api.json", "name": "少儿频道" },

{ "url": "clan://localhost/Download/local/动漫频道/api.json", "name": "动漫频道" }]}