{
    "spider": "http://127.0.0.1:9978/file/TVBoxOSC/本地仓/spider.jar",
    "wallpaper": "http://127.0.0.1:9978/file/TVBox/wallpaper.jpg",
    "logo": "http://127.0.0.1:9978/file/TVBox/logo.png",
    "homeLogo": "http://127.0.0.1:9978/file/TVBox/logo.png",
    "sites": [
        {
            "key": "豆瓣",
            "name": "豆瓣｜首页",
            "type": 3,
            "api": "csp_Douban",
            "searchable": 0
        },
        {
            "key": "预告",
            "name": "新片｜预告",
            "type": 3,
            "api": "csp_YGP",
            "searchable": 0
        },
        {
            "key": "本地",
            "name": "本地｜视频",
            "type": 3,
            "api": "csp_LocalFile"
        },
        {
            "key": "配置中心",
            "name": "配置｜中心",
            "type": 3,
            "api": "csp_Config",
            "searchable": 0,
            "changeable": 0,
            "indexs": 0,
            "style": {
                "type": "rect",
                "ratio": 1.597
            }
        },
        {
            "key": "南瓜弹幕",
            "name": "南瓜｜弹幕",
            "type": 3,
            "api": "csp_Nangua",
            "searchable": 1,
            "quickSearch": 1,
            "filterable": 1,
            "ext": {
                "danmu": true
            }
        },
        {
            "key": "厂长弹幕",
            "name": "厂长｜弹幕",
            "type": 3,
            "api": "csp_Czzy",
            "searchable": 1,
            "quickSearch": 1,
            "filterable": 1,
            "ext": {
                "danmu": true
            }
        },
        {
            "key": "天天弹幕",
            "name": "天天｜弹幕",
            "type": 3,
            "api": "csp_TianTian",
            "searchable": 1,
            "quickSearch": 1,
            "filterable": 1,
            "ext": {
                "danmu": true
            }
        },
        {
            "key": "热播弹幕",
            "name": "热播｜弹幕",
            "type": 3,
            "api": "csp_ReBo",
            "searchable": 1,
            "quickSearch": 1,
            "filterable": 1,
            "ext": {
                "danmu": true
            }
        },
        {
            "key": "文才弹幕",
            "name": "文才｜弹幕",
            "type": 3,
            "api": "csp_Jpys",
            "searchable": 1,
            "quickSearch": 1,
            "filterable": 1,
            "ext": {
                "danmu": true
            }
        },
        {
            "key": "哔哩弹幕",
            "name": "哔哩｜弹幕",
            "type": 3,
            "api": "csp_Bilimd",
            "searchable": 1,
            "quickSearch": 1,
            "filterable": 1,
            "style": {
                "type": "rect",
                "ratio": 1.433
            },
            "ext": {
                "cookie": "http://127.0.0.1:9978/file/TVBox/bilibili.txt"
            },
            "timeout": 10
        },
        {
            "key": "立播弹幕",
            "name": "立播｜弹幕",
            "type": 3,
            "api": "csp_Libvio",
            "searchable": 1,
            "filterable": 1,
            "changeable": 1,
            "ext": {
                "token": "http://127.0.0.1:9978/file/TVBox/token.txt",
                "cookie": "http://127.0.0.1:9978/file/TVBox/quark.txt",
                "uc_cookie": "http://127.0.0.1:9978/file/TVBox/uc.txt",
                "site": "https://libvio.link",
                "danmu": true
            }
        },
        {
            "key": "三六零弹幕",
            "name": "三六零｜弹幕",
            "type": 3,
            "api": "csp_Sp360",
            "searchable": 1,
            "filterable": 1,
            "changeable": 1,
            "ext": {
                "danmu": true
            }
        },
        {
            "key": "机器人弹幕",
            "name": "机器人｜弹幕",
            "type": 3,
            "api": "csp_Ikanbot",
            "searchable": 1,
            "quickSearch": 1,
            "filterable": 1,
            "ext": {
                "danmu": true
            }
        },
        {
            "key": "小苹果弹幕",
            "name": "小苹果｜弹幕",
            "type": 3,
            "api": "csp_Xpg",
            "searchable": 1,
            "quickSearch": 1,
            "filterable": 1,
            "ext": {
                "danmu": true
            }
        },
        {
            "key": "一起看弹幕",
            "name": "一起看｜弹幕",
            "type": 3,
            "api": "csp_Yqk",
            "searchable": 1,
            "quickSearch": 1,
            "filterable": 1,
            "ext": {
                "danmu": true
            }
        },
        {
            "key": "无忧短剧",
            "name": "无忧｜短剧",
            "type": 3,
            "api": "csp_Duanj",
            "searchable": 1,
            "changeable": 0,
            "style": {
                "type": "rect",
                "ratio": 1.433
            }
        },
        {
            "key": "在线短剧",
            "name": "在线｜短剧",
            "type": 3,
            "api": "csp_Duanju",
            "searchable": 1,
            "changeable": 0,
            "style": {
                "type": "rect",
                "ratio": 1.433
            }
        },
        {
            "key": "星芽短剧",
            "name": "星芽｜短剧",
            "type": 3,
            "api": "csp_AppXY",
            "searchable": 1,
            "quickSearch": 0,
            "filterable": 0
        },
        {
            "key": "天堂短剧",
            "name": "天堂｜短剧",
            "type": 3,
            "api": "./JS/drpy2.min.js",
            "ext": "./JS/天堂短剧.js"
        },
        {
            "key": "爱你短剧",
            "name": "爱你｜短剧",
            "type": 3,
            "api": "csp_XYQHiker",
            "searchable": 1,
            "quickSearch": 1,
            "filterable": 1,
            "ext": "./XYQHiker/爱你短剧.json"
        },
        {
            "key": "河马短剧",
            "name": "河马｜短剧",
            "type": 3,
            "api": "csp_XYQHiker",
            "searchable": 1,
            "quickSearch": 1,
            "filterable": 1,
            "ext": "./XYQHiker/河马短剧.json"
        },
        {
            "key": "短剧屋",
            "name": "短剧屋｜短剧",
            "type": 3,
            "api": "csp_XYQHiker",
            "searchable": 1,
            "quickSearch": 1,
            "filterable": 1,
            "ext": "./XYQHiker/短剧屋.json"
        },
        {
            "key": "韩小圈",
            "name": "韩小圈｜APP",
            "type": 3,
            "api": "csp_HanXiaoQuan",
            "searchable": 1,
            "quickSearch": 1,
            "filterable": 1
        },
        {
            "key": "酷影视",
            "name": "酷影视｜APP",
            "type": 3,
            "api": "csp_AppYsV2",
            "searchable": 1,
            "quickSearch": 1,
            "filterable": 1,
            "ext": "https://www.tvkuys.xyz/api.php/app/"
        },
        {
            "key": "丘丘影视",
            "name": "丘丘｜APP",
            "type": 3,
            "api": "csp_AppYsV2",
            "searchable": 1,
            "quickSearch": 1,
            "filterable": 1,
            "ext": "http://111.173.115.204:2211/api.php/app/"
        },
        {
            "key": "南瓜影视",
            "name": "南瓜｜APP",
            "type": 3,
            "api": "csp_Nangua",
            "searchable": 1,
            "quickSearch": 1,
            "filterable": 1
        },
        {
            "key": "天天影视",
            "name": "天天｜APP",
            "type": 3,
            "api": "csp_AppTT",
            "searchable": 1,
            "quickSearch": 1,
            "filterable": 1
        },
        {
            "key": "热播影视",
            "name": "热播｜APP",
            "type": 3,
            "api": "csp_AppRB",
            "searchable": 1,
            "quickSearch": 1,
            "filterable": 1
        },
        {
            "key": "追剧影视",
            "name": "追剧｜APP",
            "type": 3,
            "api": "csp_AppZJ",
            "searchable": 1,
            "quickSearch": 1,
            "filterable": 1,
            "ext": "http://z.kzjtv.com/"
        },
        {
            "key": "大米星球",
            "name": "大米｜APP",
            "type": 3,
            "api": "csp_AppDaMi",
            "searchable": 1,
            "quickSearch": 1,
            "filterable": 1
        },
        {
            "key": "笙歌影视",
            "name": "笙歌｜APP",
            "type": 3,
            "api": "csp_AppYY",
            "searchable": 1,
            "quickSearch": 1,
            "changeable": 1
        },
        {
            "key": "忍者影视",
            "name": "忍者｜APP",
            "type": 3,
            "api": "csp_AppRZ",
            "searchable": 1,
            "quickSearch": 1,
            "filterable": 1,
            "ext": "http://rzys.xyz/"
        },
        {
            "key": "采集之王",
            "name": "采集｜合集",
            "type": 3,
            "api": "./JS/drpy2.min.js",
            "searchable": 1,
            "quickSearch": 1,
            "ext": "./JS/采集之王.js?type=url&params=../JSON/采集静态.json$1$1"
        },
        {
            "key": "厂长资源",
            "name": "厂长｜资源",
            "type": 3,
            "api": "csp_Czzy",
            "searchable": 1,
            "quickSearch": 1,
            "filterable": 1
        },
        {
            "key": "低端影视",
            "name": "低端｜影视",
            "type": 3,
            "api": "csp_Ddys",
            "searchable": 1,
            "quickSearch": 1,
            "filterable": 1
        },
        {
            "key": "快看影视",
            "name": "快看｜影视",
            "type": 3,
            "api": "csp_Kuaikan",
            "searchable": 1,
            "quickSearch": 1,
            "filterable": 1
        },
        {
            "key": "啾啾影视",
            "name": "啾啾｜影视",
            "type": 3,
            "api": "csp_Jiohub",
            "searchable": 1,
            "quickSearch": 1,
            "filterable": 1
        },
        {
            "key": "立播影视",
            "name": "立播｜影视",
            "type": 3,
            "api": "csp_Libvio",
            "searchable": 1,
            "filterable": 1,
            "changeable": 1,
            "ext": {
                "token": "http://127.0.0.1:9978/file/TVBox/token.txt",
                "cookie": "http://127.0.0.1:9978/file/TVBox/quark.txt",
                "uc_cookie": "http://127.0.0.1:9978/file/TVBox/uc.txt",
                "site": "https://libvio.link"
            }
        },
        {
            "key": "饺子影视",
            "name": "饺子｜影视",
            "type": 3,
            "api": "csp_Jiaozi",
            "searchable": 1,
            "quickSearch": 1,
            "filterable": 1
        },
        {
            "key": "全网影视",
            "name": "全网｜影视",
            "type": 3,
            "api": "csp_Quanwk",
            "searchable": 1,
            "quickSearch": 1,
            "filterable": 1,
            "ext": "https://fm666.qkw1.cc"
        },
        {
            "key": "农民影视",
            "name": "农民｜影视",
            "type": 3,
            "api": "csp_Nongm",
            "searchable": 1,
            "quickSearch": 1,
            "filterable": 1
        },
        {
            "key": "看客影视",
            "name": "看客｜影视",
            "type": 3,
            "api": "csp_Kanke",
            "searchable": 1,
            "quickSearch": 1,
            "filterable": 1
        },
        {
            "key": "爱看影视",
            "name": "爱看｜影视",
            "type": 3,
            "api": "csp_Ikan",
            "searchable": 1,
            "quickSearch": 1,
            "filterable": 1
        },
        {
            "key": "瓜子｜影视",
            "name": "瓜子｜影视",
            "type": 3,
            "api": "csp_Gz360",
            "searchable": 1,
            "quickSearch": 1,
            "filterable": 1
        },
        {
            "key": "疯狗影视",
            "name": "疯狗｜影视",
            "type": 3,
            "api": "csp_FengGo",
            "searchable": 1,
            "quickSearch": 1,
            "filterable": 1
        },
        {
            "key": "比特影视",
            "name": "比特｜影视",
            "type": 3,
            "api": "csp_Bttwo",
            "searchable": 1,
            "quickSearch": 1,
            "filterable": 1
        },
        {
            "key": "FreeOK",
            "name": "️️Free｜影视",
            "type": 3,
            "api": "csp_FreeOK",
            "searchable": 1,
            "quickSearch": 1,
            "filterable": 1
        },
        {
            "key": "兄弟影视",
            "name": "兄弟｜影视",
            "type": 3,
            "api": "csp_Xdys",
            "searchable": 1,
            "quickSearch": 1,
            "filterable": 1
        },
        {
            "key": "看看影视",
            "name": "看看｜影视",
            "type": 3,
            "api": "csp_WebIV",
            "searchable": 1,
            "quickSearch": 1,
            "filterable": 0
        },
        {
            "key": "视频库",
            "name": "视频库｜影视",
            "type": 3,
            "api": "csp_WebVidHub",
            "searchable": 1,
            "quickSearch": 0,
            "filterable": 0,
            "ext": "https://vidhub1.cc"
        },
        {
            "key": "达达龟",
            "name": "达达龟｜影视",
            "type": 3,
            "api": "csp_Dadag",
            "searchable": 1,
            "quickSearch": 1,
            "filterable": 1
        },
        {
            "key": "素白白",
            "name": "素白白｜影视",
            "type": 3,
            "api": "csp_Subaibai",
            "searchable": 1,
            "changeable": 1
        },
        {
            "key": "小苹果",
            "name": "小苹果｜影视",
            "type": 3,
            "api": "csp_Xpg",
            "searchable": 1,
            "quickSearch": 1,
            "filterable": 1
        },
        {
            "key": "机器人",
            "name": "机器人｜影视",
            "type": 3,
            "api": "csp_Ikanbot",
            "searchable": 1,
            "quickSearch": 1,
            "filterable": 1
        },
        {
            "key": "新视觉",
            "name": "新视觉｜影视",
            "type": 3,
            "api": "csp_XBPQ",
            "searchable": 1,
            "quickSearch": 1,
            "filterable": 1,
            "ext": "./XBPQ/新视觉.json"
        },
        {
            "key": "电影牛",
            "name": "电影牛｜影视",
            "type": 3,
            "api": "csp_XYQHiker",
            "searchable": 1,
            "quickSearch": 1,
            "filterable": 1,
            "ext": "./XYQHiker/电影牛.json"
        },
        {
            "key": "爱奇艺",
            "name": "爱奇艺｜视频",
            "type": 3,
            "api": "./JS/drpy2.min.js",
            "ext": "./JS/爱奇艺.js"
        },
        {
            "key": "三六零",
            "name": "三六零｜视频",
            "type": 3,
            "api": "./JS/drpy2.min.js",
            "ext": "./JS/三六零.js"
        },
        {
            "key": "剧圈圈",
            "name": "剧圈圈｜影视",
            "type": 3,
            "api": "./JS/drpy2.min.js",
            "ext": "./JS/剧圈圈.js"
        },
        {
            "key": "追剧迷",
            "name": "追剧迷｜影视",
            "type": 3,
            "api": "./JS/drpy2.min.js",
            "ext": "./JS/追剧迷.js"
        },
        {
            "key": "看了么",
            "name": "看了么｜影视",
            "type": 3,
            "api": "./JS/drpy2.min.js",
            "ext": "./JS/看了么.js"
        },
        {
            "key": "茶杯狐",
            "name": "茶杯狐｜影视",
            "type": 3,
            "api": "./JS/drpy2.min.js",
            "ext": "./JS/茶杯狐.js"
        },
        {
            "key": "魔力高清",
            "name": "魔力｜影视",
            "type": 3,
            "api": "./JS/drpy2.min.js",
            "ext": "./JS/魔力高清.js"
        },
        {
            "key": "腾讯视频",
            "name": "腾讯｜视频",
            "type": 3,
            "api": "./JS/drpy2.min.js",
            "ext": "./JS/腾讯视频.js"
        },
        {
            "key": "优酷视频",
            "name": "优酷｜视频",
            "type": 3,
            "api": "./JS/drpy2.min.js",
            "ext": "./JS/优酷视频.js"
        },
        {
            "key": "芒果视频",
            "name": "芒果｜视频",
            "type": 3,
            "api": "./JS/drpy2.min.js",
            "ext": "./JS/芒果视频.js"
        },
        {
            "key": "搜狗视频",
            "name": "搜狗｜视频",
            "type": 3,
            "api": "./JS/drpy2.min.js",
            "ext": "./JS/搜狗视频.js"
        },
        {
            "key": "哔哩视频",
            "name": "哔哩｜视频",
            "type": 3,
            "api": "./JS/drpy2.min.js",
            "ext": "./JS/哔哩视频.js"
        },
        {
            "key": "碟调影视",
            "name": "碟调｜影视",
            "type": 3,
            "api": "./JS/drpy2.min.js",
            "ext": "./JS/碟调影视.js"
        },
        {
            "key": "畅梦影视",
            "name": "畅梦｜影视",
            "type": 3,
            "api": "./JS/drpy2.min.js",
            "ext": "./JS/畅梦影视.js"
        },
        {
            "key": "五五影视",
            "name": "五五｜影视",
            "type": 3,
            "api": "csp_XBPQ",
            "searchable": 1,
            "quickSearch": 1,
            "filterable": 1,
            "ext": "./XBPQ/五五影视.json"
        },
        {
            "key": "子子影视",
            "name": "子子｜影视",
            "type": 3,
            "api": "csp_XYQHiker",
            "searchable": 1,
            "quickSearch": 1,
            "filterable": 1,
            "ext": "./XYQHiker/子子影视.json"
        },
        {
            "key": "奇趣影视",
            "name": "奇趣｜影视",
            "type": 3,
            "api": "csp_XYQHiker",
            "searchable": 1,
            "quickSearch": 1,
            "filterable": 1,
            "ext": "./XYQHiker/奇趣影视.json"
        },
        {
            "key": "蚂蚁资源",
            "name": "蚂蚁｜采集",
            "type": 1,
            "api": "http://dsakf23665.com/api.php/provide/vod/from/NBY",
            "searchable": 1,
            "changeable": 1,
            "playUrl": "json:http://121.62.61.51:6888//api//?key=qMdg1EDXPe9NH3bG0z&url="
        },
        {
            "key": "红牛资源",
            "name": "红牛｜采集",
            "type": 1,
            "api": "https://www.hongniuzy2.com/api.php/provide/vod/",
            "searchable": 1,
            "changeable": 1,
            "categories": [
                "动作片",
                "喜剧片",
                "爱情片",
                "科幻片",
                "恐怖片",
                "剧情片",
                "战争片",
                "国产剧",
                "港澳剧",
                "日剧",
                "欧美剧",
                "台湾剧",
                "泰剧",
                "韩剧",
                "纪录片",
                "动漫电影"
            ]
        },
        {
            "key": "光速资源",
            "name": "光速｜采集",
            "type": 1,
            "api": "http://api.guangsuapi.com/api.php/provide/vod/",
            "searchable": 1,
            "changeable": 1,
            "categories": [
                "动作片",
                "喜剧片",
                "爱情片",
                "科幻片",
                "剧情片",
                "恐怖片",
                "战争片",
                "动漫电影",
                "大陆剧",
                "欧美剧",
                "港澳剧",
                "韩剧",
                "日剧",
                "台湾剧",
                "泰剧",
                "综艺",
                "动漫",
                "记录片"
            ]
        },
        {
            "key": "极速资源",
            "name": "极速｜采集",
            "type": 1,
            "api": "https://jszyapi.com/api.php/provide/vod/",
            "searchable": 1,
            "changeable": 1,
            "categories": [
                "日剧",
                "马泰剧",
                "内地剧",
                "欧美剧",
                "香港剧",
                "韩剧",
                "台湾剧",
                "恐怖片",
                "动画片",
                "剧情片",
                "战争片",
                "动作片",
                "记录片",
                "爱情片",
                "喜剧片",
                "科幻片",
                "灾难片",
                "悬疑片",
                "犯罪片",
                "中国动漫",
                "日本动漫",
                "欧美动漫"
            ]
        },
        {
            "key": "快车资源",
            "name": "快车｜采集",
            "type": 1,
            "api": "https://caiji.kczyapi.com/api.php/provide/vod/",
            "searchable": 1,
            "changeable": 1,
            "categories": [
                "动作片",
                "喜剧片",
                "爱情片",
                "科幻片",
                "恐怖片",
                "战争片",
                "剧情片",
                "动画片",
                "纪录片",
                "国产剧",
                "香港剧",
                "台湾剧",
                "欧美剧",
                "韩国剧",
                "日本剧",
                "泰国剧",
                "海外剧",
                "国产动漫",
                "日本动漫",
                "欧美动漫",
                "大陆综艺",
                "日韩综艺",
                "港台综艺",
                "欧美综艺"
            ]
        },
        {
            "key": "索尼资源",
            "name": "索尼｜采集",
            "type": 1,
            "api": "https://suoniapi.com/api.php/provide/vod/",
            "searchable": 1,
            "changeable": 1,
            "categories": [
                "动作片",
                "喜剧片",
                "爱情片",
                "科幻片",
                "恐怖片",
                "剧情片",
                "战争片",
                "纪录片",
                "动画片",
                "国产剧",
                "欧美剧",
                "韩剧",
                "日剧",
                "港剧",
                "台剧",
                "泰剧",
                "海外剧",
                "大陆综艺",
                "日韩综艺",
                "港台综艺",
                "欧美综艺",
                "国产动漫",
                "日韩动漫",
                "欧美动漫",
                "港台动漫",
                "海外动漫"
            ]
        },
        {
            "key": "量子资源",
            "name": "量子｜采集",
            "type": 1,
            "api": "https://cj.lziapi.com/api.php/provide/vod/",
            "searchable": 1,
            "changeable": 1,
            "categories": [
                "动作片",
                "喜剧片",
                "科幻片",
                "恐怖片",
                "爱情片",
                "剧情片",
                "战争片",
                "记录片",
                "国产剧",
                "欧美剧",
                "香港剧",
                "韩国剧",
                "台湾剧",
                "日本剧",
                "海外剧",
                "泰国剧",
                "国产动漫",
                "日韩动漫",
                "欧美动漫",
                "港台动漫",
                "海外动漫",
                "大陆综艺",
                "港台综艺",
                "日韩综艺",
                "欧美综艺"
            ]
        },
        {
            "key": "非凡资源",
            "name": "非凡｜采集",
            "type": 1,
            "api": "http://cj.ffzyapi.com/api.php/provide/vod/",
            "searchable": 1,
            "changeable": 1,
            "categories": [
                "动作片",
                "喜剧片",
                "科幻片",
                "恐怖片",
                "爱情片",
                "剧情片",
                "战争片",
                "记录片",
                "国产剧",
                "欧美剧",
                "香港剧",
                "韩国剧",
                "台湾剧",
                "日本剧",
                "海外剧",
                "泰国剧",
                "国产动漫",
                "日韩动漫",
                "欧美动漫",
                "港台动漫",
                "海外动漫",
                "大陆综艺",
                "港台综艺",
                "日韩综艺",
                "欧美综艺"
            ]
        },
        {
            "key": "push_agent",
            "name": "手机｜推送",
            "type": 3,
            "api": "csp_Push",
            "searchable": 0,
            "filterable": 0,
            "changeable": 0,
            "ext": {
                "token": "http://127.0.0.1:9978/file/TVBox/token.txt",
                "cookie": "http://127.0.0.1:9978/file/TVBox/quark.txt",
                "uc_cookie": "http://127.0.0.1:9978/file/TVBox/uc.txt",
                "danmu": true
            }
        }
    ],
    "parses": [
        {
            "name": "聚合",
            "type": 3,
            "url": "Demo"
        },
        {
            "name": "推荐",
            "type": 1,
            "url": "https://jxjson.icu/neibu.php?url=",
            "ext": {
                "flag": [
                    "qq",
                    "腾讯",
                    "qiyi",
                    "爱奇艺",
                    "奇艺",
                    "youku",
                    "优酷",
                    "sohu",
                    "搜狐",
                    "letv",
                    "乐视",
                    "mgtv",
                    "芒果",
                    "tnmb",
                    "seven",
                    "bilibili",
                    "1905"
                ],
                "header": {
                    "User-Agent": "okhttp/4.9.1"
                }
            }
        },
        {
            "name": "推荐4K",
            "type": 1,
            "url": "http://jx.jwl.icu/jx.php?url="
        },
        {
            "name": "线路1",
            "type": 0,
            "url": "https://jx.xmflv.com/?url=",
            "ext": {
                "header": {
                    "user-agent": "Mozilla/5.0 (Windows NT 10.0; Win64; x64) AppleWebKit/537.36 (KHTML, like Gecko) Chrome/110.0.0.0 Safari/537.36 Edg/110.0.1587.57"
                }
            }
        },
        {
            "name": "线路2",
            "type": 0,
            "url": "https://jx.quankan.app/?url=",
            "ext": {
                "header": {
                    "user-agent": "Mozilla/5.0 (Linux; Android 13; V2049A Build/TP1A.220624.014; wv) AppleWebKit/537.36 (KHTML, like Gecko) Version/4.0 Chrome/116.0.0.0 Mobile Safari/537.36"
                }
            }
        },
        {
            "name": "线路3",
            "type": 0,
            "url": "https://jx.yparse.com/index.php?url=",
            "ext": {
                "header": {
                    "user-agent": "Mozilla/5.0 (Linux; Android 13; V2049A Build/TP1A.220624.014; wv) AppleWebKit/537.36 (KHTML, like Gecko) Version/4.0 Chrome/116.0.0.0 Mobile Safari/537.36"
                }
            }
        },
        {
            "name": "线路4",
            "type": 0,
            "url": "https://jx.aidouer.net/?url=",
            "ext": {
                "header": {
                    "user-agent": "Mozilla/5.0 (Linux; Android 13; V2049A Build/TP1A.220624.014; wv) AppleWebKit/537.36 (KHTML, like Gecko) Version/4.0 Chrome/116.0.0.0 Mobile Safari/537.36",
                    "referer": "https://jiejie.uk/"
                }
            }
        },
        {
            "name": "线路5",
            "type": 0,
            "url": "https://www.8090g.cn/?url="
        },
        {
            "name": "线路6",
            "type": 0,
            "url": "https://jx.yangtu.top?url="
        },
        {
            "name": "线路7",
            "type": 0,
            "url": "https://jx.m3u8.tv/jiexi/?url="
        },
        {
            "name": "线路8",
            "type": 0,
            "url": "https://www.ckplayer.vip/jiexi/?url="
        }
    ],
    "rules": [
        {
            "name": "暴风",
            "hosts": [
                "bfzy",
                "bfbfvip",
                "bfengbf"
            ],
            "regex": [
                "#EXTINF.*?\\s+.*?adjump.*?\\.ts"
            ]
        },
        {
            "name": "量子",
            "hosts": [
                "vip.lz",
                "hd.lz",
                ".cdnlz"
            ],
            "regex": [
                "#EXT-X-DISCONTINUITY\\r*\\n*#EXTINF:7\\.166667,[\\s\\S]*?#EXT-X-DISCONTINUITY",
                "#EXT-X-DISCONTINUITY\\r*\\n*#EXTINF:4\\.066667,[\\s\\S]*?#EXT-X-DISCONTINUITY",
                "17.19"
            ]
        },
        {
            "name": "非凡",
            "hosts": [
                "vip.ffzy",
                "hd.ffzy",
                "super.ffzy"
            ],
            "regex": [
                "#EXT-X-DISCONTINUITY\\r*\\n*#EXTINF:6\\.400000,[\\s\\S]*?#EXT-X-DISCONTINUITY",
                "#EXT-X-DISCONTINUITY\\r*\\n*#EXTINF:6\\.666667,[\\s\\S]*?#EXT-X-DISCONTINUITY",
                "#EXTINF.*?\\s+.*?1171(057).*?\\.ts",
                "#EXTINF.*?\\s+.*?6d7b(077).*?\\.ts",
                "#EXTINF.*?\\s+.*?6718a(403).*?\\.ts",
                "17.99",
                "14.45"
            ]
        },
        {
            "name": "索尼",
            "hosts": [
                "suonizy"
            ],
            "regex": [
                "#EXT-X-DISCONTINUITY\\r*\\n*#EXTINF:1\\.000000,[\\s\\S]*?#EXT-X-DISCONTINUITY",
                "#EXTINF.*?\\s+.*?p1ayer.*?\\.ts",
                "#EXTINF.*?\\s+.*?\\/video\\/original.*?\\.ts"
            ]
        },
        {
            "name": "快看",
            "hosts": [
                "kuaikan"
            ],
            "regex": [
                "#EXT-X-KEY:METHOD=NONE\\r*\\n*#EXTINF:5,[\\s\\S]*?#EXT-X-DISCONTINUITY",
                "#EXT-X-KEY:METHOD=NONE\\r*\\n*#EXTINF:2\\.4,[\\s\\S]*?#EXT-X-DISCONTINUITY",
                "#EXT-X-KEY:METHOD=NONE\\r*\\n*#EXTINF:1\\.467,[\\s\\S]*?#EXT-X-DISCONTINUITY"
            ]
        },
        {
            "name": "一起看广告",
            "hosts": [
                "yqk88"
            ],
            "regex": [
                "18.4",
                "15.1666",
                "16.5333",
                "#EXT-X-DISCONTINUITY\\r*\\n*[\\s\\S]*?#EXT-X-CUE-IN"
            ]
        },
        {
            "name": "火山嗅探",
            "hosts": [
                "huoshan.com"
            ],
            "regex": [
                "item_id="
            ]
        },
        {
            "name": "抖音嗅探",
            "hosts": [
                "douyin.com"
            ],
            "regex": [
                "is_play_url="
            ]
        },
        {
            "name": "农民嗅探",
            "hosts": [
                "toutiaovod.com"
            ],
            "regex": [
                "video/tos/cn"
            ]
        }
    ],
    "doh": [
        {
            "name": "Google",
            "url": "https://dns.google/dns-query",
            "ips": [
                "8.8.4.4",
                "8.8.8.8"
            ]
        },
        {
            "name": "Cloudflare",
            "url": "https://cloudflare-dns.com/dns-query",
            "ips": [
                "1.1.1.1",
                "1.0.0.1",
                "2606:4700:4700::1111",
                "2606:4700:4700::1001"
            ]
        },
        {
            "name": "AdGuard",
            "url": "https://dns.adguard.com/dns-query",
            "ips": [
                "94.140.14.140",
                "94.140.14.141"
            ]
        },
        {
            "name": "DNSWatch",
            "url": "https://resolver2.dns.watch/dns-query",
            "ips": [
                "84.200.69.80",
                "84.200.70.40"
            ]
        },
        {
            "name": "Quad9",
            "url": "https://dns.quad9.net/dns-quer",
            "ips": [
                "9.9.9.9",
                "149.112.112.112"
            ]
        }
    ],
    "lives": [
        {
            "name": "直播1",
            "type": 0,
            "url": "http://127.0.0.1:9978/file/TVBoxOSC/本地仓/live.txt",
            "playerType": 1,
            "epg": "http://epg.112114.xyz/?ch={name}&date={date}"
        },
        {
            "name": "直播2",
            "type": 0,
            "url": "https://live.fanmingming.com/tv/m3u/ipv6.m3u",
            "playerType": 1
        },
        {
            "name": "直播3",
            "type": 0,
            "url": "https://tv.iill.top/m3u/Gather",
            "playerType": 1
        }
    ],
    "flags": [
        "youku",
        "优酷",
        "优 酷",
        "优酷视频",
        "qq",
        "腾讯",
        "腾 讯",
        "腾讯视频",
        "iqiyi",
        "qiyi",
        "奇艺",
        "爱奇艺",
        "爱 奇 艺",
        "m1905",
        "xigua",
        "letv",
        "leshi",
        "乐视",
        "乐 视",
        "sohu",
        "搜狐",
        "搜 狐",
        "搜狐视频",
        "tudou",
        "pptv",
        "mgtv",
        "芒果",
        "imgo",
        "芒果TV",
        "芒 果 T V",
        "bilibili",
        "哔 哩",
        "哔 哩 哔 哩"
    ],
    "ijk": [
        {
            "group": "软解码",
            "options": [
                {
                    "category": 4,
                    "name": "opensles",
                    "value": "0"
                },
                {
                    "category": 4,
                    "name": "overlay-format",
                    "value": "842225234"
                },
                {
                    "category": 4,
                    "name": "framedrop",
                    "value": "1"
                },
                {
                    "category": 4,
                    "name": "soundtouch",
                    "value": "1"
                },
                {
                    "category": 4,
                    "name": "start-on-prepared",
                    "value": "1"
                },
                {
                    "category": 1,
                    "name": "http-detect-range-support",
                    "value": "0"
                },
                {
                    "category": 1,
                    "name": "fflags",
                    "value": "fastseek"
                },
                {
                    "category": 2,
                    "name": "skip_loop_filter",
                    "value": "48"
                },
                {
                    "category": 4,
                    "name": "reconnect",
                    "value": "1"
                },
                {
                    "category": 4,
                    "name": "enable-accurate-seek",
                    "value": "0"
                },
                {
                    "category": 4,
                    "name": "mediacodec",
                    "value": "0"
                },
                {
                    "category": 4,
                    "name": "mediacodec-auto-rotate",
                    "value": "0"
                },
                {
                    "category": 4,
                    "name": "mediacodec-handle-resolution-change",
                    "value": "0"
                },
                {
                    "category": 4,
                    "name": "mediacodec-hevc",
                    "value": "0"
                },
                {
                    "category": 1,
                    "name": "dns_cache_timeout",
                    "value": "600000000"
                }
            ]
        },
        {
            "group": "硬解码",
            "options": [
                {
                    "category": 4,
                    "name": "opensles",
                    "value": "0"
                },
                {
                    "category": 4,
                    "name": "overlay-format",
                    "value": "842225234"
                },
                {
                    "category": 4,
                    "name": "framedrop",
                    "value": "1"
                },
                {
                    "category": 4,
                    "name": "soundtouch",
                    "value": "1"
                },
                {
                    "category": 4,
                    "name": "start-on-prepared",
                    "value": "1"
                },
                {
                    "category": 1,
                    "name": "http-detect-range-support",
                    "value": "0"
                },
                {
                    "category": 1,
                    "name": "fflags",
                    "value": "fastseek"
                },
                {
                    "category": 2,
                    "name": "skip_loop_filter",
                    "value": "48"
                },
                {
                    "category": 4,
                    "name": "reconnect",
                    "value": "1"
                },
                {
                    "category": 4,
                    "name": "enable-accurate-seek",
                    "value": "0"
                },
                {
                    "category": 4,
                    "name": "mediacodec",
                    "value": "1"
                },
                {
                    "category": 4,
                    "name": "mediacodec-auto-rotate",
                    "value": "1"
                },
                {
                    "category": 4,
                    "name": "mediacodec-handle-resolution-change",
                    "value": "1"
                },
                {
                    "category": 4,
                    "name": "mediacodec-hevc",
                    "value": "1"
                },
                {
                    "category": 1,
                    "name": "dns_cache_timeout",
                    "value": "600000000"
                }
            ]
        }
    ],
    "ads": [
        "static-mozai.4gtv.tv"
    ]
}